calendar/japanese@1, und, 548B, df4ea463a2ec13ef
calendar/japanext@1, und, 25813B, 66b2fe81591c14a7
collator/data@1, ar, 31132B, b1291f4fca574421
collator/data@1, ar-u-co-compat, 6930B, df86a49404970b6a
collator/data@1, bn, 4738B, 8e92eaa768b2ab2
collator/data@1, bn-u-co-trad, 48389B, ed4c20236946617d
collator/data@1, es, 4084B, e7140d1f1e33d8e8
collator/data@1, es-u-co-trad, 4421B, 3baf2638caa5a69
collator/data@1, fil, 4205B, 7c8475f14202d9fc
collator/data@1, ja, 299550B, d0ce840eb7e92013
collator/data@1, ja-u-co-unihan, 46731B, d0ec249642bf728
collator/data@1, sr, 4746B, e4d5be04494dafdb
collator/data@1, sr-Latn, 6620B, 81b00e2f609b504a
collator/data@1, th, 5325B, 9b694b07cd785f26
collator/data@1, tr, 5410B, 9640077b53216460
collator/data@1, und, 543797B, a1dd30e7ce353269
collator/data@1, und-u-co-emoji, 115537B, 6e3bc0fb86412eb7
collator/data@1, und-u-co-eor, 22369B, 29c58732633c9ce5
collator/dia@1, und, 879B, cc68638fe038a4e9
collator/jamo@1, und, 3810B, 86c6378bdfb09f4c
collator/meta@1, ar, 17B, b0173966eadc421f
collator/meta@1, ar-u-co-compat, 17B, b0173966eadc421f
collator/meta@1, bn, 17B, b0173966eadc421f
collator/meta@1, bn-u-co-trad, 17B, b0173966eadc421f
collator/meta@1, es, 16B, 31afd1a9eb1531d5
collator/meta@1, es-u-co-trad, 16B, 31afd1a9eb1531d5
collator/meta@1, fil, 16B, 31afd1a9eb1531d5
collator/meta@1, ja, 17B, b0173966eadc421f
collator/meta@1, ja-u-co-unihan, 17B, b0173966eadc421f
collator/meta@1, ru, 17B, 349e9c12196a28a1
collator/meta@1, sr, 17B, b0173966eadc421f
collator/meta@1, sr-Latn, 17B, b0173966eadc421f
collator/meta@1, th, 18B, 1865f7a6349d32db
collator/meta@1, tr, 16B, 31afd1a9eb1531d5
collator/meta@1, und, 16B, 3d28b89f359f4eb8
collator/meta@1, und-u-co-emoji, 16B, 3d28b89f359f4eb8
collator/meta@1, und-u-co-eor, 16B, 3d28b89f359f4eb8
collator/prim@1, und, 94B, 1ceb2cfe6db85deb
collator/reord@1, ar, 2282B, edf6e89697e01d92
collator/reord@1, ar-u-co-compat, 2282B, edf6e89697e01d92
collator/reord@1, bn, 2298B, 9bf24b018354d2ae
collator/reord@1, bn-u-co-trad, 2298B, 9bf24b018354d2ae
collator/reord@1, ja, 2281B, e75cf6bb122ae22c
collator/reord@1, ja-u-co-unihan, 2281B, e75cf6bb122ae22c
collator/reord@1, ru, 2283B, 4c0f477b3d5da255
collator/reord@1, sr, 2283B, 4c0f477b3d5da255
collator/reord@1, sr-Latn, 2283B, 9b6d58678f54efe4
collator/reord@1, th, 2282B, 11c8664c4c01c843
compactdecimal/long@1, ar, 973B, e539c74f6b6713cf
compactdecimal/long@1, ar-EG, 973B, e539c74f6b6713cf
compactdecimal/long@1, ar-EG-u-nu-latn, 973B, e539c74f6b6713cf
compactdecimal/long@1, ar-u-nu-latn, 973B, e539c74f6b6713cf
compactdecimal/long@1, bn, 539B, 24951af46a1328b2
compactdecimal/long@1, bn-u-nu-latn, 539B, 24951af46a1328b2
compactdecimal/long@1, ccp, 481B, 9c88371991f25ca7
compactdecimal/long@1, ccp-u-nu-latn, 481B, 9c88371991f25ca7
compactdecimal/long@1, en, 511B, 11c351edc6aa2472
compactdecimal/long@1, en-001, 511B, 11c351edc6aa2472
compactdecimal/long@1, en-ZA, 511B, 11c351edc6aa2472
compactdecimal/long@1, es, 963B, 72b5b890552f57b8
compactdecimal/long@1, es-AR, 859B, 955cffba8aced341
compactdecimal/long@1, fil, 920B, 7df9871efd29d332
compactdecimal/long@1, fr, 1147B, ee251198a7e234e3
compactdecimal/long@1, ja, 491B, dc78933eb69fc589
compactdecimal/long@1, ru, 1437B, a9a211a8f5571c56
compactdecimal/long@1, sr, 1087B, 3b2aeb7ca262af1e
compactdecimal/long@1, sr-Cyrl, 1087B, 3b2aeb7ca262af1e
compactdecimal/long@1, sr-Latn, 1024B, 820365fe010b423
compactdecimal/long@1, th, 1079B, 72116d9bd923ced3
compactdecimal/long@1, th-u-nu-thai, 1079B, 72116d9bd923ced3
compactdecimal/long@1, tr, 503B, 502291aed1d0d9a5
compactdecimal/long@1, und, 481B, 9c88371991f25ca7
compactdecimal/short@1, ar, 748B, a80067d3e4bb3a41
compactdecimal/short@1, ar-EG, 748B, a80067d3e4bb3a41
compactdecimal/short@1, ar-EG-u-nu-latn, 748B, a80067d3e4bb3a41
compactdecimal/short@1, ar-u-nu-latn, 748B, a80067d3e4bb3a41
compactdecimal/short@1, bn, 875B, 7e06a9006515b664
compactdecimal/short@1, bn-u-nu-latn, 875B, 7e06a9006515b664
compactdecimal/short@1, ccp, 481B, 9c88371991f25ca7
compactdecimal/short@1, ccp-u-nu-latn, 481B, 9c88371991f25ca7
compactdecimal/short@1, en, 481B, a95d6a755c3d7ed5
compactdecimal/short@1, en-001, 481B, a95d6a755c3d7ed5
compactdecimal/short@1, en-ZA, 481B, a95d6a755c3d7ed5
compactdecimal/short@1, es, 497B, 627f546b233b34c4
compactdecimal/short@1, es-AR, 611B, 93ae0e2c907840ae
compactdecimal/short@1, fil, 481B, a95d6a755c3d7ed5
compactdecimal/short@1, fr, 491B, 891a865bad32280b
compactdecimal/short@1, ja, 491B, dc78933eb69fc589
compactdecimal/short@1, ru, 514B, 5eb43e3058647aed
compactdecimal/short@1, sr, 515B, bf686dd2fe89de06
compactdecimal/short@1, sr-Cyrl, 515B, bf686dd2fe89de06
compactdecimal/short@1, sr-Latn, 503B, 1bcf00ae31f8dde8
compactdecimal/short@1, th, 481B, a95d6a755c3d7ed5
compactdecimal/short@1, th-u-nu-thai, 481B, a95d6a755c3d7ed5
compactdecimal/short@1, tr, 492B, 828289fdc150803c
compactdecimal/short@1, und, 481B, 9c88371991f25ca7
core/helloworld@1, bn, 45B, e8884de30df5c979
core/helloworld@1, en, 31B, 9a9ba4e85fe8531
core/helloworld@1, ja, 41B, 8de6a6a3531edc6a
core/helloworld@1, ru, 40B, 2334c18558b88018
datetime/buddhist/datelengths@1, ar, 278B, 3eb0af54334b9b7f
datetime/buddhist/datelengths@1, ar-EG, 278B, 3eb0af54334b9b7f
datetime/buddhist/datelengths@1, bn, 261B, 4b0ab29537b75244
datetime/buddhist/datelengths@1, ccp, 261B, 4b0ab29537b75244
datetime/buddhist/datelengths@1, en, 265B, 2a8083dda463be25
datetime/buddhist/datelengths@1, en-001, 264B, 1e1efe79613bb42e
datetime/buddhist/datelengths@1, en-ZA, 267B, b0950c7c227359d
datetime/buddhist/datelengths@1, es, 292B, ba95bc43b5dc4497
datetime/buddhist/datelengths@1, es-AR, 290B, 5f750e71c48ef235
datetime/buddhist/datelengths@1, fil, 265B, 2a8083dda463be25
datetime/buddhist/datelengths@1, fr, 259B, d8b7f4112d8ba8f5
datetime/buddhist/datelengths@1, ja, 264B, 56dfe6248d522d61
datetime/buddhist/datelengths@1, ru, 278B, 6e9acc43b6ee6c1
datetime/buddhist/datelengths@1, sr, 263B, debc3abb806d1bc0
datetime/buddhist/datelengths@1, sr-Cyrl, 263B, debc3abb806d1bc0
datetime/buddhist/datelengths@1, sr-Latn, 263B, debc3abb806d1bc0
datetime/buddhist/datelengths@1, th, 257B, 1e341da733bf0c7a
datetime/buddhist/datelengths@1, tr, 258B, b12f80a28153eeb7
datetime/buddhist/datelengths@1, und, 260B, 23bac9a74f93a8d4
datetime/buddhist/datesymbols@1, ar, 1978B, a5ba84d81f432b3c
datetime/buddhist/datesymbols@1, ar-EG, 1978B, a5ba84d81f432b3c
datetime/buddhist/datesymbols@1, bn, 2671B, 58aa9ee131f823ef
datetime/buddhist/datesymbols@1, ccp, 4015B, 1f1ec5d62122bf02
datetime/buddhist/datesymbols@1, en, 1635B, 121f7671a43495bc
datetime/buddhist/datesymbols@1, en-001, 1636B, 1a8dc81fd03d1eb9
datetime/buddhist/datesymbols@1, en-ZA, 1636B, 1a8dc81fd03d1eb9
datetime/buddhist/datesymbols@1, es, 1639B, b998edb8aa3b8dc2
datetime/buddhist/datesymbols@1, es-AR, 1639B, 9dfbfd3463a5a1d1
datetime/buddhist/datesymbols@1, fil, 1998B, a878ee80b6b528a1
datetime/buddhist/datesymbols@1, fr, 1673B, 702b531e2b3402a5
datetime/buddhist/datesymbols@1, ja, 1668B, b0746d1ecf473d1d
datetime/buddhist/datesymbols@1, ru, 2615B, 952d043307499433
datetime/buddhist/datesymbols@1, sr, 1835B, ce25db3672d8e55a
datetime/buddhist/datesymbols@1, sr-Cyrl, 1835B, ce25db3672d8e55a
datetime/buddhist/datesymbols@1, sr-Latn, 1631B, 82f8f466aeb1feac
datetime/buddhist/datesymbols@1, th, 2207B, 6fd898c84553322c
datetime/buddhist/datesymbols@1, tr, 1637B, 2a3bb4a34f9666a1
datetime/buddhist/datesymbols@1, und, 1578B, 374e57633fcb28bb
datetime/coptic/datelengths@1, ar, 278B, 3eb0af54334b9b7f
datetime/coptic/datelengths@1, ar-EG, 278B, 3eb0af54334b9b7f
datetime/coptic/datelengths@1, bn, 261B, 4b0ab29537b75244
datetime/coptic/datelengths@1, ccp, 261B, 4b0ab29537b75244
datetime/coptic/datelengths@1, en, 265B, 2a8083dda463be25
datetime/coptic/datelengths@1, en-001, 264B, 1e1efe79613bb42e
datetime/coptic/datelengths@1, en-ZA, 267B, b0950c7c227359d
datetime/coptic/datelengths@1, es, 292B, ba95bc43b5dc4497
datetime/coptic/datelengths@1, es-AR, 290B, 5f750e71c48ef235
datetime/coptic/datelengths@1, fil, 265B, 2a8083dda463be25
datetime/coptic/datelengths@1, fr, 259B, d8b7f4112d8ba8f5
datetime/coptic/datelengths@1, ja, 266B, d084090a8186911
datetime/coptic/datelengths@1, ru, 278B, 6e9acc43b6ee6c1
datetime/coptic/datelengths@1, sr, 263B, debc3abb806d1bc0
datetime/coptic/datelengths@1, sr-Cyrl, 263B, debc3abb806d1bc0
datetime/coptic/datelengths@1, sr-Latn, 263B, debc3abb806d1bc0
datetime/coptic/datelengths@1, th, 262B, ca5fa15ccab744eb
datetime/coptic/datelengths@1, tr, 258B, b12f80a28153eeb7
datetime/coptic/datelengths@1, und, 260B, 23bac9a74f93a8d4
datetime/coptic/datesymbols@1, ar, 2306B, fc39bb4c4f1e057f
datetime/coptic/datesymbols@1, ar-EG, 2306B, fc39bb4c4f1e057f
datetime/coptic/datesymbols@1, bn, 2654B, 5c13b8911751a951
datetime/coptic/datesymbols@1, ccp, 2559B, 82b5760f42253dc
datetime/coptic/datesymbols@1, en, 2035B, 599db748376694b2
datetime/coptic/datesymbols@1, en-001, 2035B, 599db748376694b2
datetime/coptic/datesymbols@1, en-ZA, 2035B, 599db748376694b2
datetime/coptic/datesymbols@1, es, 2035B, b8b70ed62fa1c8d6
datetime/coptic/datesymbols@1, es-AR, 2035B, 98e7a0032ce74b6a
datetime/coptic/datesymbols@1, fil, 2047B, 158496f40a75c65d
datetime/coptic/datesymbols@1, fr, 2083B, 7d743a2463018949
datetime/coptic/datesymbols@1, ja, 2233B, 9e85a6670202c00e
datetime/coptic/datesymbols@1, ru, 2335B, 1b07251786c60d0
datetime/coptic/datesymbols@1, sr, 2243B, 56f73dd39f4eacac
datetime/coptic/datesymbols@1, sr-Cyrl, 2243B, 56f73dd39f4eacac
datetime/coptic/datesymbols@1, sr-Latn, 2032B, f6c17a0bf71843b1
datetime/coptic/datesymbols@1, th, 2541B, 991f0f41272340d8
datetime/coptic/datesymbols@1, tr, 2045B, afc7ea40f4ad7069
datetime/coptic/datesymbols@1, und, 2013B, e4932d535812b68e
datetime/ethiopic/datelengths@1, ar, 278B, 3eb0af54334b9b7f
datetime/ethiopic/datelengths@1, ar-EG, 278B, 3eb0af54334b9b7f
datetime/ethiopic/datelengths@1, bn, 261B, 4b0ab29537b75244
datetime/ethiopic/datelengths@1, ccp, 261B, 4b0ab29537b75244
datetime/ethiopic/datelengths@1, en, 265B, 2a8083dda463be25
datetime/ethiopic/datelengths@1, en-001, 264B, 1e1efe79613bb42e
datetime/ethiopic/datelengths@1, en-ZA, 267B, b0950c7c227359d
datetime/ethiopic/datelengths@1, es, 292B, ba95bc43b5dc4497
datetime/ethiopic/datelengths@1, es-AR, 290B, 5f750e71c48ef235
datetime/ethiopic/datelengths@1, fil, 265B, 2a8083dda463be25
datetime/ethiopic/datelengths@1, fr, 259B, d8b7f4112d8ba8f5
datetime/ethiopic/datelengths@1, ja, 266B, d084090a8186911
datetime/ethiopic/datelengths@1, ru, 278B, 6e9acc43b6ee6c1
datetime/ethiopic/datelengths@1, sr, 263B, debc3abb806d1bc0
datetime/ethiopic/datelengths@1, sr-Cyrl, 263B, debc3abb806d1bc0
datetime/ethiopic/datelengths@1, sr-Latn, 263B, debc3abb806d1bc0
datetime/ethiopic/datelengths@1, th, 262B, ca5fa15ccab744eb
datetime/ethiopic/datelengths@1, tr, 258B, b12f80a28153eeb7
datetime/ethiopic/datelengths@1, und, 260B, 23bac9a74f93a8d4
datetime/ethiopic/datesymbols@1, ar, 2384B, e192c8c06a978329
datetime/ethiopic/datesymbols@1, ar-EG, 2384B, e192c8c06a978329
datetime/ethiopic/datesymbols@1, bn, 2825B, b9a406d697405386
datetime/ethiopic/datesymbols@1, ccp, 2670B, 169f71ad5afee336
datetime/ethiopic/datesymbols@1, en, 2146B, 234a3de17791cdcf
datetime/ethiopic/datesymbols@1, en-001, 2146B, 234a3de17791cdcf
datetime/ethiopic/datesymbols@1, en-ZA, 2146B, 234a3de17791cdcf
datetime/ethiopic/datesymbols@1, es, 2146B, 8d115f08badea5a1
datetime/ethiopic/datesymbols@1, es-AR, 2146B, c2da005d73d1a97d
datetime/ethiopic/datesymbols@1, fil, 2158B, bdc9553b16e7e7aa
datetime/ethiopic/datesymbols@1, fr, 2191B, cb06f4256adc430d
datetime/ethiopic/datesymbols@1, ja, 2320B, 5eae71041b66f44f
datetime/ethiopic/datesymbols@1, ru, 2504B, ed03ebcb0a49a03f
datetime/ethiopic/datesymbols@1, sr, 2378B, 15aeef64a646e8da
datetime/ethiopic/datesymbols@1, sr-Cyrl, 2378B, 15aeef64a646e8da
datetime/ethiopic/datesymbols@1, sr-Latn, 2145B, 5d9e648258e80a01
datetime/ethiopic/datesymbols@1, th, 2670B, fe37004b82e480d7
datetime/ethiopic/datesymbols@1, tr, 2154B, bd6a0d20dbbb8c1b
datetime/ethiopic/datesymbols@1, und, 2124B, 3a2c81899164930c
datetime/gregory/datelengths@1, ar, 267B, caca3797a808e3aa
datetime/gregory/datelengths@1, ar-EG, 267B, caca3797a808e3aa
datetime/gregory/datelengths@1, bn, 250B, 873b2df8ec514f22
datetime/gregory/datelengths@1, ccp, 250B, 873b2df8ec514f22
datetime/gregory/datelengths@1, en, 254B, 3d09b0b326d5b6b
datetime/gregory/datelengths@1, en-001, 252B, cf396fc55808b6d7
datetime/gregory/datelengths@1, en-ZA, 255B, 1493f8045407f712
datetime/gregory/datelengths@1, es, 271B, dde1c436a56e3227
datetime/gregory/datelengths@1, es-AR, 270B, 8e16cbd2bdca224d
datetime/gregory/datelengths@1, fil, 254B, 3d09b0b326d5b6b
datetime/gregory/datelengths@1, fr, 250B, a24515c82f0dc805
datetime/gregory/datelengths@1, ja, 254B, 53e75a0129456744
datetime/gregory/datelengths@1, ru, 270B, 98628caa239ac741
datetime/gregory/datelengths@1, sr, 253B, 4a915f734fd08700
datetime/gregory/datelengths@1, sr-Cyrl, 253B, 4a915f734fd08700
datetime/gregory/datelengths@1, sr-Latn, 253B, 4a915f734fd08700
datetime/gregory/datelengths@1, th, 259B, 59979ae162dae592
datetime/gregory/datelengths@1, tr, 246B, 748dfb33edc7ad40
datetime/gregory/datelengths@1, und, 248B, d24c5702f5f77285
datetime/gregory/datesymbols@1, ar, 2045B, e1f13917ec667c47
datetime/gregory/datesymbols@1, ar-EG, 2045B, e1f13917ec667c47
datetime/gregory/datesymbols@1, bn, 2911B, 96996c8f72c93331
datetime/gregory/datesymbols@1, ccp, 4360B, 9dd59b7f9b03c789
datetime/gregory/datesymbols@1, en, 1710B, 979f7ab88c9a4788
datetime/gregory/datesymbols@1, en-001, 1711B, 4325b59fe8c6a15f
datetime/gregory/datesymbols@1, en-ZA, 1711B, 4325b59fe8c6a15f
datetime/gregory/datesymbols@1, es, 1737B, cf89d1d2c42edaa8
datetime/gregory/datesymbols@1, es-AR, 1733B, 63efa2adeca93303
datetime/gregory/datesymbols@1, fil, 2075B, e73fbb5288db9bdf
datetime/gregory/datesymbols@1, fr, 1777B, dd79c1224882f8f6
datetime/gregory/datesymbols@1, ja, 1743B, 34f443012693f636
datetime/gregory/datesymbols@1, ru, 2749B, 9ffcb9b687d5ba76
datetime/gregory/datesymbols@1, sr, 1944B, e0bf4c44e54857a8
datetime/gregory/datesymbols@1, sr-Cyrl, 1944B, e0bf4c44e54857a8
datetime/gregory/datesymbols@1, sr-Latn, 1719B, c192283ed298c34f
datetime/gregory/datesymbols@1, th, 2348B, c6fd29a18b5c4080
datetime/gregory/datesymbols@1, tr, 1720B, 28be0acc7b80625
datetime/gregory/datesymbols@1, und, 1638B, f624c1321142d6ce
datetime/indian/datelengths@1, ar, 278B, 3eb0af54334b9b7f
datetime/indian/datelengths@1, ar-EG, 278B, 3eb0af54334b9b7f
datetime/indian/datelengths@1, bn, 261B, 4b0ab29537b75244
datetime/indian/datelengths@1, ccp, 261B, 4b0ab29537b75244
datetime/indian/datelengths@1, en, 265B, 2a8083dda463be25
datetime/indian/datelengths@1, en-001, 264B, 1e1efe79613bb42e
datetime/indian/datelengths@1, en-ZA, 267B, b0950c7c227359d
datetime/indian/datelengths@1, es, 292B, ba95bc43b5dc4497
datetime/indian/datelengths@1, es-AR, 290B, 5f750e71c48ef235
datetime/indian/datelengths@1, fil, 265B, 2a8083dda463be25
datetime/indian/datelengths@1, fr, 259B, d8b7f4112d8ba8f5
datetime/indian/datelengths@1, ja, 266B, d084090a8186911
datetime/indian/datelengths@1, ru, 278B, 6e9acc43b6ee6c1
datetime/indian/datelengths@1, sr, 263B, debc3abb806d1bc0
datetime/indian/datelengths@1, sr-Cyrl, 263B, debc3abb806d1bc0
datetime/indian/datelengths@1, sr-Latn, 263B, debc3abb806d1bc0
datetime/indian/datelengths@1, th, 262B, ca5fa15ccab744eb
datetime/indian/datelengths@1, tr, 258B, b12f80a28153eeb7
datetime/indian/datelengths@1, und, 260B, 23bac9a74f93a8d4
datetime/indian/datesymbols@1, ar, 1870B, 2764b39f91d42709
datetime/indian/datesymbols@1, ar-EG, 1870B, 2764b39f91d42709
datetime/indian/datesymbols@1, bn, 2234B, d8703878a5aa0097
datetime/indian/datesymbols@1, ccp, 2557B, 1e83baeb549bad8a
datetime/indian/datesymbols@1, en, 1706B, cc31a1f0633621e6
datetime/indian/datesymbols@1, en-001, 1706B, cc31a1f0633621e6
datetime/indian/datesymbols@1, en-ZA, 1706B, cc31a1f0633621e6
datetime/indian/datesymbols@1, es, 1706B, 2ab2ab97bc2401b
datetime/indian/datesymbols@1, es-AR, 1706B, e06561d4545f6974
datetime/indian/datesymbols@1, fil, 1718B, 17bd002196c6469
datetime/indian/datesymbols@1, fr, 1708B, 5a41f7648a9a51f
datetime/indian/datesymbols@1, ja, 1886B, 98fb4e89f7e69fca
datetime/indian/datesymbols@1, ru, 1968B, 852185fa632b7fcd
datetime/indian/datesymbols@1, sr, 1930B, 4c9d0914200edeeb
datetime/indian/datesymbols@1, sr-Cyrl, 1930B, 4c9d0914200edeeb
datetime/indian/datesymbols@1, sr-Latn, 1691B, 8565d8694c71f384
datetime/indian/datesymbols@1, th, 2140B, bab35f60b058c8b6
datetime/indian/datesymbols@1, tr, 1710B, 38bc6b96f1e8f6d1
datetime/indian/datesymbols@1, und, 1684B, d802e27a0cea2e7e
datetime/japanese/datelengths@1, ar, 278B, 3eb0af54334b9b7f
datetime/japanese/datelengths@1, ar-EG, 278B, 3eb0af54334b9b7f
datetime/japanese/datelengths@1, bn, 261B, 4b0ab29537b75244
datetime/japanese/datelengths@1, ccp, 261B, 4b0ab29537b75244
datetime/japanese/datelengths@1, en, 265B, 2a8083dda463be25
datetime/japanese/datelengths@1, en-001, 265B, 2a8083dda463be25
datetime/japanese/datelengths@1, en-ZA, 265B, 2a8083dda463be25
datetime/japanese/datelengths@1, es, 289B, 303a54aace10eac2
datetime/japanese/datelengths@1, es-AR, 287B, 7627116f6450cc3
datetime/japanese/datelengths@1, fil, 265B, 2a8083dda463be25
datetime/japanese/datelengths@1, fr, 259B, d8b7f4112d8ba8f5
datetime/japanese/datelengths@1, ja, 265B, e25067454bd9be86
datetime/japanese/datelengths@1, ru, 278B, 6e9acc43b6ee6c1
datetime/japanese/datelengths@1, sr, 258B, d29443c360c98bbf
datetime/japanese/datelengths@1, sr-Cyrl, 258B, d29443c360c98bbf
datetime/japanese/datelengths@1, sr-Latn, 258B, d29443c360c98bbf
datetime/japanese/datelengths@1, th, 284B, ba16b1603b45f563
datetime/japanese/datelengths@1, tr, 254B, d55f84da498baba8
datetime/japanese/datelengths@1, und, 260B, 23bac9a74f93a8d4
datetime/japanese/datesymbols@1, ar, 2421B, a98babb90507ef31
datetime/japanese/datesymbols@1, ar-EG, 2421B, a98babb90507ef31
datetime/japanese/datesymbols@1, bn, 3265B, dec609acb411365f
datetime/japanese/datesymbols@1, ccp, 4714B, 484a714f7a5c7e56
datetime/japanese/datesymbols@1, en, 2064B, f8aec7966b544494
datetime/japanese/datesymbols@1, en-001, 2065B, ccd08eb3175951
datetime/japanese/datesymbols@1, en-ZA, 2065B, ccd08eb3175951
datetime/japanese/datesymbols@1, es, 2091B, 7085ef65bc7010a3
datetime/japanese/datesymbols@1, es-AR, 2087B, 30e81a70260ae38f
datetime/japanese/datesymbols@1, fil, 2429B, b1775ce0ba0c948c
datetime/japanese/datesymbols@1, fr, 2131B, fbeb92817d668ce1
datetime/japanese/datesymbols@1, ja, 2099B, 145ee9f6fee9930c
datetime/japanese/datesymbols@1, ru, 3223B, d65776388e6d5184
datetime/japanese/datesymbols@1, sr, 2340B, 541c0a9815317494
datetime/japanese/datesymbols@1, sr-Cyrl, 2340B, 541c0a9815317494
datetime/japanese/datesymbols@1, sr-Latn, 2071B, 5d6ed4e7b6a37a27
datetime/japanese/datesymbols@1, th, 2776B, a05ead4935bc7669
datetime/japanese/datesymbols@1, tr, 2074B, ce7fa6be5a9ea604
datetime/japanese/datesymbols@1, und, 1992B, 6de9d98dcab3d32
datetime/japanext/datelengths@1, ar, 278B, 3eb0af54334b9b7f
datetime/japanext/datelengths@1, ar-EG, 278B, 3eb0af54334b9b7f
datetime/japanext/datelengths@1, bn, 261B, 4b0ab29537b75244
datetime/japanext/datelengths@1, ccp, 261B, 4b0ab29537b75244
datetime/japanext/datelengths@1, en, 265B, 2a8083dda463be25
datetime/japanext/datelengths@1, en-001, 265B, 2a8083dda463be25
datetime/japanext/datelengths@1, en-ZA, 265B, 2a8083dda463be25
datetime/japanext/datelengths@1, es, 289B, 303a54aace10eac2
datetime/japanext/datelengths@1, es-AR, 287B, 7627116f6450cc3
datetime/japanext/datelengths@1, fil, 265B, 2a8083dda463be25
datetime/japanext/datelengths@1, fr, 259B, d8b7f4112d8ba8f5
datetime/japanext/datelengths@1, ja, 265B, e25067454bd9be86
datetime/japanext/datelengths@1, ru, 278B, 6e9acc43b6ee6c1
datetime/japanext/datelengths@1, sr, 258B, d29443c360c98bbf
datetime/japanext/datelengths@1, sr-Cyrl, 258B, d29443c360c98bbf
datetime/japanext/datelengths@1, sr-Latn, 258B, d29443c360c98bbf
datetime/japanext/datelengths@1, th, 284B, ba16b1603b45f563
datetime/japanext/datelengths@1, tr, 254B, d55f84da498baba8
datetime/japanext/datelengths@1, und, 260B, 23bac9a74f93a8d4
datetime/japanext/datesymbols@1, ar, 29866B, 62beb504ae3e965c
datetime/japanext/datesymbols@1, ar-EG, 29866B, 62beb504ae3e965c
datetime/japanext/datesymbols@1, bn, 33898B, 8e7e85be18e5a013
datetime/japanext/datesymbols@1, ccp, 35347B, bb7611d91eed7362
datetime/japanext/datesymbols@1, en, 32697B, 3f9a3b89eda07913
datetime/japanext/datesymbols@1, en-001, 32698B, 6d3825b7ab0a5c8e
datetime/japanext/datesymbols@1, en-ZA, 32698B, 6d3825b7ab0a5c8e
datetime/japanext/datesymbols@1, es, 32724B, 3ea954dc4b878a6b
datetime/japanext/datesymbols@1, es-AR, 32720B, 54135027f543307
datetime/japanext/datesymbols@1, fil, 33062B, dd711037c5a7088b
datetime/japanext/datesymbols@1, fr, 32764B, 292746c33d734d24
datetime/japanext/datesymbols@1, ja, 23198B, 7945c57a24b79256
datetime/japanext/datesymbols@1, ru, 40894B, 780b7daa6677afe8
datetime/japanext/datesymbols@1, sr, 34771B, 1eca50ca8f82b626
datetime/japanext/datesymbols@1, sr-Cyrl, 34771B, 1eca50ca8f82b626
datetime/japanext/datesymbols@1, sr-Latn, 32318B, e2555493c86570fe
datetime/japanext/datesymbols@1, th, 38907B, 4c9d460182113ab
datetime/japanext/datesymbols@1, tr, 32707B, 78e6640c3f98ff24
datetime/japanext/datesymbols@1, und, 32625B, 9b21ded8d1b4fd38
datetime/skeletons@1, ar-EG-u-ca-buddhist, 736B, f04d1f5463a8d27d
datetime/skeletons@1, ar-EG-u-ca-coptic, 736B, f04d1f5463a8d27d
datetime/skeletons@1, ar-EG-u-ca-ethiopic, 736B, f04d1f5463a8d27d
datetime/skeletons@1, ar-EG-u-ca-gregory, 923B, 1a24610eef16a732
datetime/skeletons@1, ar-EG-u-ca-indian, 736B, f04d1f5463a8d27d
datetime/skeletons@1, ar-EG-u-ca-japanese, 736B, f04d1f5463a8d27d
datetime/skeletons@1, ar-EG-u-ca-japanext, 736B, f04d1f5463a8d27d
datetime/skeletons@1, ar-u-ca-buddhist, 736B, f04d1f5463a8d27d
datetime/skeletons@1, ar-u-ca-coptic, 736B, f04d1f5463a8d27d
datetime/skeletons@1, ar-u-ca-ethiopic, 736B, f04d1f5463a8d27d
datetime/skeletons@1, ar-u-ca-gregory, 923B, 1a24610eef16a732
datetime/skeletons@1, ar-u-ca-indian, 736B, f04d1f5463a8d27d
datetime/skeletons@1, ar-u-ca-japanese, 736B, f04d1f5463a8d27d
datetime/skeletons@1, ar-u-ca-japanext, 736B, f04d1f5463a8d27d
datetime/skeletons@1, bn-u-ca-buddhist, 774B, e5b3835bd89bf32f
datetime/skeletons@1, bn-u-ca-coptic, 774B, e5b3835bd89bf32f
datetime/skeletons@1, bn-u-ca-ethiopic, 774B, e5b3835bd89bf32f
datetime/skeletons@1, bn-u-ca-gregory, 907B, 4b4e07e7a900afaf
datetime/skeletons@1, bn-u-ca-indian, 774B, e5b3835bd89bf32f
datetime/skeletons@1, bn-u-ca-japanese, 774B, e5b3835bd89bf32f
datetime/skeletons@1, bn-u-ca-japanext, 774B, e5b3835bd89bf32f
datetime/skeletons@1, ccp-u-ca-buddhist, 776B, 562db4c7d621f657
datetime/skeletons@1, ccp-u-ca-coptic, 776B, 562db4c7d621f657
datetime/skeletons@1, ccp-u-ca-ethiopic, 776B, 562db4c7d621f657
datetime/skeletons@1, ccp-u-ca-gregory, 937B, 77ceac0462f37f0
datetime/skeletons@1, ccp-u-ca-indian, 776B, 562db4c7d621f657
datetime/skeletons@1, ccp-u-ca-japanese, 776B, 562db4c7d621f657
datetime/skeletons@1, ccp-u-ca-japanext, 776B, 562db4c7d621f657
datetime/skeletons@1, en-001-u-ca-buddhist, 740B, 3e9d4e9c278af561
datetime/skeletons@1, en-001-u-ca-coptic, 740B, 3e9d4e9c278af561
datetime/skeletons@1, en-001-u-ca-ethiopic, 740B, 3e9d4e9c278af561
datetime/skeletons@1, en-001-u-ca-gregory, 840B, bc380c8b43541ee1
datetime/skeletons@1, en-001-u-ca-indian, 740B, 3e9d4e9c278af561
datetime/skeletons@1, en-001-u-ca-japanese, 740B, 3e9d4e9c278af561
datetime/skeletons@1, en-001-u-ca-japanext, 740B, 3e9d4e9c278af561
datetime/skeletons@1, en-ZA-u-ca-buddhist, 736B, 8ffa0cc485a984c9
datetime/skeletons@1, en-ZA-u-ca-coptic, 736B, 8ffa0cc485a984c9
datetime/skeletons@1, en-ZA-u-ca-ethiopic, 736B, 8ffa0cc485a984c9
datetime/skeletons@1, en-ZA-u-ca-gregory, 844B, 59b9dfe2cfcff4bf
datetime/skeletons@1, en-ZA-u-ca-indian, 736B, 8ffa0cc485a984c9
datetime/skeletons@1, en-ZA-u-ca-japanese, 736B, 8ffa0cc485a984c9
datetime/skeletons@1, en-ZA-u-ca-japanext, 736B, 8ffa0cc485a984c9
datetime/skeletons@1, en-u-ca-buddhist, 732B, 6eb60cccd5f47389
datetime/skeletons@1, en-u-ca-coptic, 732B, 6eb60cccd5f47389
datetime/skeletons@1, en-u-ca-ethiopic, 732B, 6eb60cccd5f47389
datetime/skeletons@1, en-u-ca-gregory, 816B, ed7edfb18d5cf572
datetime/skeletons@1, en-u-ca-indian, 732B, 6eb60cccd5f47389
datetime/skeletons@1, en-u-ca-japanese, 732B, 6eb60cccd5f47389
datetime/skeletons@1, en-u-ca-japanext, 732B, 6eb60cccd5f47389
datetime/skeletons@1, es-AR-u-ca-buddhist, 1036B, b78edfc3b9cd15da
datetime/skeletons@1, es-AR-u-ca-coptic, 1036B, b78edfc3b9cd15da
datetime/skeletons@1, es-AR-u-ca-ethiopic, 1036B, b78edfc3b9cd15da
datetime/skeletons@1, es-AR-u-ca-gregory, 1198B, 6f181a9afa5957fa
datetime/skeletons@1, es-AR-u-ca-indian, 1036B, b78edfc3b9cd15da
datetime/skeletons@1, es-AR-u-ca-japanese, 1036B, b78edfc3b9cd15da
datetime/skeletons@1, es-AR-u-ca-japanext, 1036B, b78edfc3b9cd15da
datetime/skeletons@1, es-u-ca-buddhist, 957B, f0000b1dc89dc658
datetime/skeletons@1, es-u-ca-coptic, 957B, f0000b1dc89dc658
datetime/skeletons@1, es-u-ca-ethiopic, 957B, f0000b1dc89dc658
datetime/skeletons@1, es-u-ca-gregory, 1157B, eb6d4e5ca43dbf5b
datetime/skeletons@1, es-u-ca-indian, 957B, f0000b1dc89dc658
datetime/skeletons@1, es-u-ca-japanese, 957B, f0000b1dc89dc658
datetime/skeletons@1, es-u-ca-japanext, 957B, f0000b1dc89dc658
datetime/skeletons@1, fil-u-ca-buddhist, 779B, aab8c9826da096aa
datetime/skeletons@1, fil-u-ca-coptic, 779B, aab8c9826da096aa
datetime/skeletons@1, fil-u-ca-ethiopic, 779B, aab8c9826da096aa
datetime/skeletons@1, fil-u-ca-gregory, 1182B, 3f4c3ecbcf07aadb
datetime/skeletons@1, fil-u-ca-indian, 779B, aab8c9826da096aa
datetime/skeletons@1, fil-u-ca-japanese, 779B, aab8c9826da096aa
datetime/skeletons@1, fil-u-ca-japanext, 779B, aab8c9826da096aa
datetime/skeletons@1, fr-u-ca-buddhist, 730B, 7c6d264fdb6ddf73
datetime/skeletons@1, fr-u-ca-coptic, 734B, 7d1f49f7870af643
datetime/skeletons@1, fr-u-ca-ethiopic, 734B, 7d1f49f7870af643
datetime/skeletons@1, fr-u-ca-gregory, 827B, 8b716854c15a65ee
datetime/skeletons@1, fr-u-ca-indian, 734B, 7d1f49f7870af643
datetime/skeletons@1, fr-u-ca-japanese, 725B, 8f5cd5a97d3b18b3
datetime/skeletons@1, fr-u-ca-japanext, 725B, 8f5cd5a97d3b18b3
datetime/skeletons@1, ja-u-ca-buddhist, 1015B, cb1e8e361132fbd1
datetime/skeletons@1, ja-u-ca-coptic, 962B, b1b85a706aac8be4
datetime/skeletons@1, ja-u-ca-ethiopic, 962B, b1b85a706aac8be4
datetime/skeletons@1, ja-u-ca-gregory, 1026B, 8190b72184ac54da
datetime/skeletons@1, ja-u-ca-indian, 962B, b1b85a706aac8be4
datetime/skeletons@1, ja-u-ca-japanese, 975B, 9c9cd90972352a0f
datetime/skeletons@1, ja-u-ca-japanext, 975B, 9c9cd90972352a0f
datetime/skeletons@1, ru-u-ca-buddhist, 796B, 75240870d68ba77d
datetime/skeletons@1, ru-u-ca-coptic, 796B, 75240870d68ba77d
datetime/skeletons@1, ru-u-ca-ethiopic, 796B, 75240870d68ba77d
datetime/skeletons@1, ru-u-ca-gregory, 936B, 7d76876980aa370a
datetime/skeletons@1, ru-u-ca-indian, 796B, 75240870d68ba77d
datetime/skeletons@1, ru-u-ca-japanese, 796B, 75240870d68ba77d
datetime/skeletons@1, ru-u-ca-japanext, 796B, 75240870d68ba77d
datetime/skeletons@1, sr-Cyrl-u-ca-buddhist, 873B, bc79a7f2de31f1a1
datetime/skeletons@1, sr-Cyrl-u-ca-coptic, 873B, bc79a7f2de31f1a1
datetime/skeletons@1, sr-Cyrl-u-ca-ethiopic, 873B, bc79a7f2de31f1a1
datetime/skeletons@1, sr-Cyrl-u-ca-gregory, 968B, ce2125f19bd5dd7c
datetime/skeletons@1, sr-Cyrl-u-ca-indian, 873B, bc79a7f2de31f1a1
datetime/skeletons@1, sr-Cyrl-u-ca-japanese, 873B, bc79a7f2de31f1a1
datetime/skeletons@1, sr-Cyrl-u-ca-japanext, 873B, bc79a7f2de31f1a1
datetime/skeletons@1, sr-Latn-u-ca-buddhist, 873B, bc79a7f2de31f1a1
datetime/skeletons@1, sr-Latn-u-ca-coptic, 873B, bc79a7f2de31f1a1
datetime/skeletons@1, sr-Latn-u-ca-ethiopic, 873B, bc79a7f2de31f1a1
datetime/skeletons@1, sr-Latn-u-ca-gregory, 956B, acf939c833ebb8e3
datetime/skeletons@1, sr-Latn-u-ca-indian, 873B, bc79a7f2de31f1a1
datetime/skeletons@1, sr-Latn-u-ca-japanese, 873B, bc79a7f2de31f1a1
datetime/skeletons@1, sr-Latn-u-ca-japanext, 873B, bc79a7f2de31f1a1
datetime/skeletons@1, sr-u-ca-buddhist, 873B, bc79a7f2de31f1a1
datetime/skeletons@1, sr-u-ca-coptic, 873B, bc79a7f2de31f1a1
datetime/skeletons@1, sr-u-ca-ethiopic, 873B, bc79a7f2de31f1a1
datetime/skeletons@1, sr-u-ca-gregory, 968B, ce2125f19bd5dd7c
datetime/skeletons@1, sr-u-ca-indian, 873B, bc79a7f2de31f1a1
datetime/skeletons@1, sr-u-ca-japanese, 873B, bc79a7f2de31f1a1
datetime/skeletons@1, sr-u-ca-japanext, 873B, bc79a7f2de31f1a1
datetime/skeletons@1, th-u-ca-buddhist, 873B, 7cbfe0657efb68d7
datetime/skeletons@1, th-u-ca-coptic, 834B, aa2eb785ec49ada
datetime/skeletons@1, th-u-ca-ethiopic, 834B, aa2eb785ec49ada
datetime/skeletons@1, th-u-ca-gregory, 1185B, a49ec443e1929156
datetime/skeletons@1, th-u-ca-indian, 834B, aa2eb785ec49ada
datetime/skeletons@1, th-u-ca-japanese, 839B, b79b3d09be5a58b7
datetime/skeletons@1, th-u-ca-japanext, 839B, b79b3d09be5a58b7
datetime/skeletons@1, tr-u-ca-buddhist, 799B, 21bbcce807fe9a7
datetime/skeletons@1, tr-u-ca-coptic, 799B, 21bbcce807fe9a7
datetime/skeletons@1, tr-u-ca-ethiopic, 799B, 21bbcce807fe9a7
datetime/skeletons@1, tr-u-ca-gregory, 900B, 408157c3fc86bbd0
datetime/skeletons@1, tr-u-ca-indian, 799B, 21bbcce807fe9a7
datetime/skeletons@1, tr-u-ca-japanese, 799B, 21bbcce807fe9a7
datetime/skeletons@1, tr-u-ca-japanext, 799B, 21bbcce807fe9a7
datetime/skeletons@1, und-u-ca-buddhist, 730B, 22ea6a0e0f689eb0
datetime/skeletons@1, und-u-ca-coptic, 730B, 22ea6a0e0f689eb0
datetime/skeletons@1, und-u-ca-ethiopic, 730B, 22ea6a0e0f689eb0
datetime/skeletons@1, und-u-ca-gregory, 814B, b0c056cb9284521
datetime/skeletons@1, und-u-ca-indian, 730B, 22ea6a0e0f689eb0
datetime/skeletons@1, und-u-ca-japanese, 730B, 22ea6a0e0f689eb0
datetime/skeletons@1, und-u-ca-japanext, 730B, 22ea6a0e0f689eb0
datetime/timelengths@1, ar, 294B, eef2c48ed88e1559
datetime/timelengths@1, ar-EG, 294B, eef2c48ed88e1559
datetime/timelengths@1, bn, 294B, eef2c48ed88e1559
datetime/timelengths@1, ccp, 294B, eef2c48ed88e1559
datetime/timelengths@1, en, 302B, cd45a7dce48fc3d8
datetime/timelengths@1, en-001, 302B, cd45a7dce48fc3d8
datetime/timelengths@1, en-ZA, 302B, 238397bfe8c8243d
datetime/timelengths@1, es, 300B, 5f970db14a7fea91
datetime/timelengths@1, es-AR, 299B, 840a59049a837a4f
datetime/timelengths@1, fil, 302B, cd45a7dce48fc3d8
datetime/timelengths@1, fr, 302B, 238397bfe8c8243d
datetime/timelengths@1, ja, 293B, d35356cae10e7522
datetime/timelengths@1, ru, 302B, 238397bfe8c8243d
datetime/timelengths@1, sr, 302B, 238397bfe8c8243d
datetime/timelengths@1, sr-Cyrl, 302B, 238397bfe8c8243d
datetime/timelengths@1, sr-Latn, 302B, 238397bfe8c8243d
datetime/timelengths@1, th, 394B, 88de88837f1bf5b8
datetime/timelengths@1, tr, 302B, fc925cd89e3d7a89
datetime/timelengths@1, und, 294B, a7c231470c47b3ca
datetime/timesymbols@1, ar, 641B, 784fe01c210ad271
datetime/timesymbols@1, ar-EG, 641B, 784fe01c210ad271
datetime/timesymbols@1, bn, 439B, eb2e05223f076e86
datetime/timesymbols@1, ccp, 439B, eb2e05223f076e86
datetime/timesymbols@1, en, 644B, bb22ebc786a5480f
datetime/timesymbols@1, en-001, 644B, f8f7d76d51cd561f
datetime/timesymbols@1, en-ZA, 644B, f8f7d76d51cd561f
datetime/timesymbols@1, es, 917B, 2af324f6db2f7a1d
datetime/timesymbols@1, es-AR, 686B, e0bb8226490a2dab
datetime/timesymbols@1, fil, 711B, 46b60a7ea8f9a4a1
datetime/timesymbols@1, fr, 457B, 6b1f615d2e5402d5
datetime/timesymbols@1, ja, 496B, 84fd00a1817c59ea
datetime/timesymbols@1, ru, 491B, f9a0b1c88676de54
datetime/timesymbols@1, sr, 719B, 91c3475b75eac608
datetime/timesymbols@1, sr-Cyrl, 719B, 91c3475b75eac608
datetime/timesymbols@1, sr-Latn, 668B, fc99321382dbada4
datetime/timesymbols@1, th, 1086B, d85c7d6beb6a86bc
datetime/timesymbols@1, tr, 682B, 766801fdee7abb3c
datetime/timesymbols@1, und, 439B, eb2e05223f076e86
datetime/week_data@1, und, 54B, edb99c4e0c077594
datetime/week_data@1, und-AD, 54B, 76ade5920a95fd8b
datetime/week_data@1, und-AE, 56B, 49125088a0828507
datetime/week_data@1, und-AF, 56B, 49125088a0828507
datetime/week_data@1, und-AG, 54B, 1ff8eed9ea2b823b
datetime/week_data@1, und-AI, 54B, edb99c4e0c077594
datetime/week_data@1, und-AL, 54B, edb99c4e0c077594
datetime/week_data@1, und-AM, 54B, edb99c4e0c077594
datetime/week_data@1, und-AN, 54B, 76ade5920a95fd8b
datetime/week_data@1, und-AR, 54B, edb99c4e0c077594
datetime/week_data@1, und-AS, 54B, 1ff8eed9ea2b823b
datetime/week_data@1, und-AT, 54B, 76ade5920a95fd8b
datetime/week_data@1, und-AU, 54B, edb99c4e0c077594
datetime/week_data@1, und-AX, 54B, 76ade5920a95fd8b
datetime/week_data@1, und-AZ, 54B, edb99c4e0c077594
datetime/week_data@1, und-BA, 54B, edb99c4e0c077594
datetime/week_data@1, und-BD, 54B, 1ff8eed9ea2b823b
datetime/week_data@1, und-BE, 54B, 76ade5920a95fd8b
datetime/week_data@1, und-BG, 54B, 76ade5920a95fd8b
datetime/week_data@1, und-BH, 56B, 49125088a0828507
datetime/week_data@1, und-BM, 54B, edb99c4e0c077594
datetime/week_data@1, und-BN, 54B, edb99c4e0c077594
datetime/week_data@1, und-BR, 54B, 1ff8eed9ea2b823b
datetime/week_data@1, und-BS, 54B, 1ff8eed9ea2b823b
datetime/week_data@1, und-BT, 54B, 1ff8eed9ea2b823b
datetime/week_data@1, und-BW, 54B, 1ff8eed9ea2b823b
datetime/week_data@1, und-BY, 54B, edb99c4e0c077594
datetime/week_data@1, und-BZ, 54B, 1ff8eed9ea2b823b
datetime/week_data@1, und-CA, 54B, 1ff8eed9ea2b823b
datetime/week_data@1, und-CH, 54B, 76ade5920a95fd8b
datetime/week_data@1, und-CL, 54B, edb99c4e0c077594
datetime/week_data@1, und-CM, 54B, edb99c4e0c077594
datetime/week_data@1, und-CN, 54B, edb99c4e0c077594
datetime/week_data@1, und-CO, 54B, 1ff8eed9ea2b823b
datetime/week_data@1, und-CR, 54B, edb99c4e0c077594
datetime/week_data@1, und-CY, 54B, edb99c4e0c077594
datetime/week_data@1, und-CZ, 54B, 76ade5920a95fd8b
datetime/week_data@1, und-DE, 54B, 76ade5920a95fd8b
datetime/week_data@1, und-DJ, 56B, 49125088a0828507
datetime/week_data@1, und-DK, 54B, 76ade5920a95fd8b
datetime/week_data@1, und-DM, 54B, 1ff8eed9ea2b823b
datetime/week_data@1, und-DO, 54B, 1ff8eed9ea2b823b
datetime/week_data@1, und-DZ, 56B, 49125088a0828507
datetime/week_data@1, und-EC, 54B, edb99c4e0c077594
datetime/week_data@1, und-EE, 54B, 76ade5920a95fd8b
datetime/week_data@1, und-EG, 56B, 49125088a0828507
datetime/week_data@1, und-ES, 54B, 76ade5920a95fd8b
datetime/week_data@1, und-ET, 54B, 1ff8eed9ea2b823b
datetime/week_data@1, und-FI, 54B, 76ade5920a95fd8b
datetime/week_data@1, und-FJ, 54B, 76ade5920a95fd8b
datetime/week_data@1, und-FO, 54B, 76ade5920a95fd8b
datetime/week_data@1, und-FR, 54B, 76ade5920a95fd8b
datetime/week_data@1, und-GB, 54B, 76ade5920a95fd8b
datetime/week_data@1, und-GE, 54B, edb99c4e0c077594
datetime/week_data@1, und-GF, 54B, 76ade5920a95fd8b
datetime/week_data@1, und-GG, 54B, 76ade5920a95fd8b
datetime/week_data@1, und-GI, 54B, 76ade5920a95fd8b
datetime/week_data@1, und-GP, 54B, 76ade5920a95fd8b
datetime/week_data@1, und-GR, 54B, 76ade5920a95fd8b
datetime/week_data@1, und-GT, 54B, 1ff8eed9ea2b823b
datetime/week_data@1, und-GU, 54B, 1ff8eed9ea2b823b
datetime/week_data@1, und-HK, 54B, 1ff8eed9ea2b823b
datetime/week_data@1, und-HN, 54B, 1ff8eed9ea2b823b
datetime/week_data@1, und-HR, 54B, edb99c4e0c077594
datetime/week_data@1, und-HU, 54B, 76ade5920a95fd8b
datetime/week_data@1, und-ID, 54B, 1ff8eed9ea2b823b
datetime/week_data@1, und-IE, 54B, 76ade5920a95fd8b
datetime/week_data@1, und-IL, 54B, 1ff8eed9ea2b823b
datetime/week_data@1, und-IM, 54B, 76ade5920a95fd8b
datetime/week_data@1, und-IN, 54B, 1ff8eed9ea2b823b
datetime/week_data@1, und-IQ, 56B, 49125088a0828507
datetime/week_data@1, und-IR, 56B, 49125088a0828507
datetime/week_data@1, und-IS, 54B, 76ade5920a95fd8b
datetime/week_data@1, und-IT, 54B, 76ade5920a95fd8b
datetime/week_data@1, und-JE, 54B, 76ade5920a95fd8b
datetime/week_data@1, und-JM, 54B, 1ff8eed9ea2b823b
datetime/week_data@1, und-JO, 56B, 49125088a0828507
datetime/week_data@1, und-JP, 54B, 1ff8eed9ea2b823b
datetime/week_data@1, und-KE, 54B, 1ff8eed9ea2b823b
datetime/week_data@1, und-KG, 54B, edb99c4e0c077594
datetime/week_data@1, und-KH, 54B, 1ff8eed9ea2b823b
datetime/week_data@1, und-KR, 54B, 1ff8eed9ea2b823b
datetime/week_data@1, und-KW, 56B, 49125088a0828507
datetime/week_data@1, und-KZ, 54B, edb99c4e0c077594
datetime/week_data@1, und-LA, 54B, 1ff8eed9ea2b823b
datetime/week_data@1, und-LB, 54B, edb99c4e0c077594
datetime/week_data@1, und-LI, 54B, 76ade5920a95fd8b
datetime/week_data@1, und-LK, 54B, edb99c4e0c077594
datetime/week_data@1, und-LT, 54B, 76ade5920a95fd8b
datetime/week_data@1, und-LU, 54B, 76ade5920a95fd8b
datetime/week_data@1, und-LV, 54B, edb99c4e0c077594
datetime/week_data@1, und-LY, 56B, 49125088a0828507
datetime/week_data@1, und-MC, 54B, 76ade5920a95fd8b
datetime/week_data@1, und-MD, 54B, edb99c4e0c077594
datetime/week_data@1, und-ME, 54B, edb99c4e0c077594
datetime/week_data@1, und-MH, 54B, 1ff8eed9ea2b823b
datetime/week_data@1, und-MK, 54B, edb99c4e0c077594
datetime/week_data@1, und-MM, 54B, 1ff8eed9ea2b823b
datetime/week_data@1, und-MN, 54B, edb99c4e0c077594
datetime/week_data@1, und-MO, 54B, 1ff8eed9ea2b823b
datetime/week_data@1, und-MQ, 54B, 76ade5920a95fd8b
datetime/week_data@1, und-MT, 54B, 1ff8eed9ea2b823b
datetime/week_data@1, und-MV, 54B, 193d7b65aa162fd
datetime/week_data@1, und-MX, 54B, 1ff8eed9ea2b823b
datetime/week_data@1, und-MY, 54B, edb99c4e0c077594
datetime/week_data@1, und-MZ, 54B, 1ff8eed9ea2b823b
datetime/week_data@1, und-NI, 54B, 1ff8eed9ea2b823b
datetime/week_data@1, und-NL, 54B, 76ade5920a95fd8b
datetime/week_data@1, und-NO, 54B, 76ade5920a95fd8b
datetime/week_data@1, und-NP, 54B, 1ff8eed9ea2b823b
datetime/week_data@1, und-NZ, 54B, edb99c4e0c077594
datetime/week_data@1, und-OM, 56B, 49125088a0828507
datetime/week_data@1, und-PA, 54B, 1ff8eed9ea2b823b
datetime/week_data@1, und-PE, 54B, 1ff8eed9ea2b823b
datetime/week_data@1, und-PH, 54B, 1ff8eed9ea2b823b
datetime/week_data@1, und-PK, 54B, 1ff8eed9ea2b823b
datetime/week_data@1, und-PL, 54B, 76ade5920a95fd8b
datetime/week_data@1, und-PR, 54B, 1ff8eed9ea2b823b
datetime/week_data@1, und-PT, 54B, dd9c321793e76b8e
datetime/week_data@1, und-PY, 54B, 1ff8eed9ea2b823b
datetime/week_data@1, und-QA, 56B, 49125088a0828507
datetime/week_data@1, und-RE, 54B, 76ade5920a95fd8b
datetime/week_data@1, und-RO, 54B, edb99c4e0c077594
datetime/week_data@1, und-RS, 54B, edb99c4e0c077594
datetime/week_data@1, und-RU, 54B, 76ade5920a95fd8b
datetime/week_data@1, und-SA, 54B, 1ff8eed9ea2b823b
datetime/week_data@1, und-SD, 56B, 49125088a0828507
datetime/week_data@1, und-SE, 54B, 76ade5920a95fd8b
datetime/week_data@1, und-SG, 54B, 1ff8eed9ea2b823b
datetime/week_data@1, und-SI, 54B, edb99c4e0c077594
datetime/week_data@1, und-SJ, 54B, 76ade5920a95fd8b
datetime/week_data@1, und-SK, 54B, 76ade5920a95fd8b
datetime/week_data@1, und-SM, 54B, 76ade5920a95fd8b
datetime/week_data@1, und-SV, 54B, 1ff8eed9ea2b823b
datetime/week_data@1, und-SY, 56B, 49125088a0828507
datetime/week_data@1, und-TH, 54B, 1ff8eed9ea2b823b
datetime/week_data@1, und-TJ, 54B, edb99c4e0c077594
datetime/week_data@1, und-TM, 54B, edb99c4e0c077594
datetime/week_data@1, und-TR, 54B, edb99c4e0c077594
datetime/week_data@1, und-TT, 54B, 1ff8eed9ea2b823b
datetime/week_data@1, und-TW, 54B, 1ff8eed9ea2b823b
datetime/week_data@1, und-UA, 54B, edb99c4e0c077594
datetime/week_data@1, und-UM, 54B, 1ff8eed9ea2b823b
datetime/week_data@1, und-US, 54B, 1ff8eed9ea2b823b
datetime/week_data@1, und-UY, 54B, edb99c4e0c077594
datetime/week_data@1, und-UZ, 54B, edb99c4e0c077594
datetime/week_data@1, und-VA, 54B, 76ade5920a95fd8b
datetime/week_data@1, und-VE, 54B, 1ff8eed9ea2b823b
datetime/week_data@1, und-VI, 54B, 1ff8eed9ea2b823b
datetime/week_data@1, und-VN, 54B, edb99c4e0c077594
datetime/week_data@1, und-WS, 54B, 1ff8eed9ea2b823b
datetime/week_data@1, und-XK, 54B, edb99c4e0c077594
datetime/week_data@1, und-YE, 54B, 1ff8eed9ea2b823b
datetime/week_data@1, und-ZA, 54B, 1ff8eed9ea2b823b
datetime/week_data@1, und-ZW, 54B, 1ff8eed9ea2b823b
decimal/symbols@1, ar, 404B, a7b7cae16d586122
decimal/symbols@1, ar-EG, 404B, a7b7cae16d586122
decimal/symbols@1, ar-EG-u-nu-latn, 394B, ef9afa2abd365aca
decimal/symbols@1, ar-u-nu-latn, 394B, ef9afa2abd365aca
decimal/symbols@1, bn, 408B, f8879dceb2503dff
decimal/symbols@1, bn-u-nu-latn, 388B, 68cc9c8dda30da40
decimal/symbols@1, ccp, 418B, 1da33379c38e5190
decimal/symbols@1, ccp-u-nu-latn, 388B, 68cc9c8dda30da40
decimal/symbols@1, en, 388B, 88d044d20e0ac7ea
decimal/symbols@1, en-001, 388B, 88d044d20e0ac7ea
decimal/symbols@1, en-ZA, 389B, 57ae103019a93a40
decimal/symbols@1, es, 388B, ad7298e6dd12f738
decimal/symbols@1, es-AR, 388B, aa02ce87e548a6db
decimal/symbols@1, fil, 388B, 88d044d20e0ac7ea
decimal/symbols@1, fr, 390B, 9f4ee7fc9b9f6d54
decimal/symbols@1, ja, 388B, 88d044d20e0ac7ea
decimal/symbols@1, ru, 389B, 57ae103019a93a40
decimal/symbols@1, sr, 388B, aa02ce87e548a6db
decimal/symbols@1, sr-Cyrl, 388B, aa02ce87e548a6db
decimal/symbols@1, sr-Latn, 388B, aa02ce87e548a6db
decimal/symbols@1, th, 388B, 88d044d20e0ac7ea
decimal/symbols@1, th-u-nu-thai, 408B, d52f38932b77fcd
decimal/symbols@1, tr, 388B, aa02ce87e548a6db
decimal/symbols@1, und, 388B, 88d044d20e0ac7ea
displaynames/languages@1, ar, 18580B, 115aba205a0bc123
displaynames/languages@1, ar-EG, 18580B, 57be70193615f0f9
displaynames/languages@1, bn, 21030B, cb018375f8c88a78
displaynames/languages@1, ccp, 22338B, 1b1155d5dbac380f
displaynames/languages@1, en, 14953B, de2fa4cf6abb2afa
displaynames/languages@1, en-001, 14949B, a5222892fd2ba7e9
displaynames/languages@1, en-ZA, 14949B, a5222892fd2ba7e9
displaynames/languages@1, es, 12644B, 8b3a3370d25feeea
displaynames/languages@1, es-AR, 12641B, 57d2dff5d6399e10
displaynames/languages@1, fil, 9811B, 8c07dc0b04ba642a
displaynames/languages@1, fr, 14734B, 3a24f97fdf330c9a
displaynames/languages@1, ja, 20153B, 33cd27abc7cee934
displaynames/languages@1, ru, 17880B, 2c3e21bebad89a9f
displaynames/languages@1, sr, 16594B, 3d67a917f1b2d210
displaynames/languages@1, sr-Cyrl, 16594B, 3d67a917f1b2d210
displaynames/languages@1, sr-Latn, 12408B, 5d5269fa4e75ebf1
displaynames/languages@1, th, 23761B, 5637197ead57cd54
displaynames/languages@1, tr, 15595B, 2f4e46be031230e5
displaynames/locales@1, ar, 1418B, 5e1c121337c27dd1
displaynames/locales@1, ar-EG, 1418B, 5e1c121337c27dd1
displaynames/locales@1, bn, 874B, 1497984dd2b0c972
displaynames/locales@1, ccp, 1908B, 49616acb2ad0af9c
displaynames/locales@1, en, 973B, a9aa6abc3375eb0e
displaynames/locales@1, en-001, 979B, ee757509e9959e3
displaynames/locales@1, en-ZA, 979B, ee757509e9959e3
displaynames/locales@1, es, 962B, ec1e6bf7d762d336
displaynames/locales@1, es-AR, 962B, ec1e6bf7d762d336
displaynames/locales@1, fil, 813B, 33d2d2d173c007b5
displaynames/locales@1, fr, 960B, 623e14478a26b04e
displaynames/locales@1, ja, 849B, 82c5e6066ad2e1c1
displaynames/locales@1, ru, 1613B, 7368fba4209fa7c6
displaynames/locales@1, sr, 1081B, c6e9080206b60b4f
displaynames/locales@1, sr-Cyrl, 1081B, c6e9080206b60b4f
displaynames/locales@1, sr-Latn, 766B, a9595e1ddfcba9ea
displaynames/locales@1, th, 1514B, 48bef12ebb894edd
displaynames/locales@1, tr, 1069B, 5d5848a9e232d2a7
displaynames/regions@1, ar, 9966B, ac057fb0e7039855
displaynames/regions@1, ar-EG, 9966B, ac057fb0e7039855
displaynames/regions@1, bn, 13959B, aae8e06f11515247
displaynames/regions@1, ccp, 16317B, d7bcc268c4ee847c
displaynames/regions@1, en, 7315B, d5c87c822f79e312
displaynames/regions@1, en-001, 7308B, c90046c9f1692f3
displaynames/regions@1, en-ZA, 7308B, c90046c9f1692f3
displaynames/regions@1, es, 7453B, aab14cf00326d7c4
displaynames/regions@1, es-AR, 7428B, 6f2211fb19e921c9
displaynames/regions@1, fil, 7330B, ebf07ee44f58fdd3
displaynames/regions@1, fr, 7638B, c0bc9721ed433769
displaynames/regions@1, ja, 9214B, c291b1e3f88035aa
displaynames/regions@1, ru, 10238B, 868193de3b22c003
displaynames/regions@1, sr, 10475B, b9ace96bc475a148
displaynames/regions@1, sr-Cyrl, 10475B, b9ace96bc475a148
displaynames/regions@1, sr-Latn, 7520B, b0ad77e85fe6c464
displaynames/regions@1, th, 13561B, 1ff7196080f31369
displaynames/regions@1, tr, 7410B, 979c57081d00034f
displaynames/scripts@1, ar, 4604B, 9dc2b7122ac6a5a9
displaynames/scripts@1, ar-EG, 4604B, 9dc2b7122ac6a5a9
displaynames/scripts@1, bn, 5854B, 57680a8bd2882899
displaynames/scripts@1, ccp, 6828B, d6cd9db8584f1fcc
displaynames/scripts@1, en, 4958B, 717d6f84cbfcca35
displaynames/scripts@1, en-001, 4958B, 717d6f84cbfcca35
displaynames/scripts@1, en-ZA, 4958B, 717d6f84cbfcca35
displaynames/scripts@1, es, 3332B, fced3de3afff72ad
displaynames/scripts@1, es-AR, 3325B, 228ac59d2ebffe82
displaynames/scripts@1, fil, 1418B, 73199f8a55e08807
displaynames/scripts@1, fr, 3813B, 513aa37511c3404a
displaynames/scripts@1, ja, 6091B, 60b3926c2cbd8872
displaynames/scripts@1, ru, 6119B, 574b0f032066aa11
displaynames/scripts@1, sr, 5915B, 8ceb06ff50cda0f
displaynames/scripts@1, sr-Cyrl, 5915B, 8ceb06ff50cda0f
displaynames/scripts@1, sr-Latn, 4169B, 3e3f5a4ea99a5b14
displaynames/scripts@1, th, 7186B, 2c6cf09c175e402d
displaynames/scripts@1, tr, 4189B, dbccb273c681e6ee
displaynames/variants@1, ar, 954B, bb1a66771bea0c30
displaynames/variants@1, ar-EG, 954B, bb1a66771bea0c30
displaynames/variants@1, en, 2192B, ebe83dc85ab272ee
displaynames/variants@1, en-001, 2192B, ebe83dc85ab272ee
displaynames/variants@1, en-ZA, 2192B, ebe83dc85ab272ee
displaynames/variants@1, es, 482B, 75a4ea75ba57a9d8
displaynames/variants@1, es-AR, 482B, 75a4ea75ba57a9d8
displaynames/variants@1, fil, 100B, e59e72a3870e9362
displaynames/variants@1, fr, 1150B, 3d95e73387a4e73
displaynames/variants@1, ja, 2550B, 60e0ee064ac73e0a
displaynames/variants@1, ru, 1159B, 1b201b86bc900bf1
displaynames/variants@1, sr, 1516B, 48fa58b94456a528
displaynames/variants@1, sr-Cyrl, 1516B, 48fa58b94456a528
displaynames/variants@1, sr-Latn, 1047B, ea683b0cdfe3c317
displaynames/variants@1, th, 4246B, 2ebc030e9f73493f
displaynames/variants@1, tr, 1371B, 9c735ef2549d9052
fallback/likelysubtags@1, und, 4625B, a5cacd0d8215ccc6
fallback/parents@1, und, 7662B, ef62246246020690
fallback/supplement/co@1, und, 184B, de071fa2681130dc
list/and@1, ar, 268B, 8f3ea35671fb5311
list/and@1, ar-EG, 268B, 8f3ea35671fb5311
list/and@1, bn, 361B, 90f9d1457901dad9
list/and@1, ccp, 364B, aabe4085f2c09d6d
list/and@1, en, 613B, 7b42a8e5284c84f2
list/and@1, en-001, 354B, 761998a78bde238a
list/and@1, en-ZA, 354B, 761998a78bde238a
list/and@1, es, 464B, 18c6022e271c6de
list/and@1, es-AR, 464B, 18c6022e271c6de
list/and@1, fil, 440B, 88724201d1601ea0
list/and@1, fr, 353B, 3fa068bcb8f8bb1
list/and@1, ja, 268B, 9c46049cbfff81ce
list/and@1, ru, 353B, ee282daae05d4f5e
list/and@1, sr, 353B, 50baad51905a87da
list/and@1, sr-Cyrl, 353B, 50baad51905a87da
list/and@1, sr-Latn, 352B, 4d59bf5dc26072b8
list/and@1, th, 450B, 14060c8e4530ccb5
list/and@1, tr, 353B, 3a7fada1e90dbf99
list/and@1, und, 267B, ed5c23376111f549
list/or@1, ar, 271B, cd924da0e30602b7
list/or@1, ar-EG, 271B, cd924da0e30602b7
list/or@1, bn, 448B, f6403e5f44e0ce65
list/or@1, ccp, 440B, cbf59ebeaa22cf0c
list/or@1, en, 440B, cbf59ebeaa22cf0c
list/or@1, en-001, 353B, f2fa08769634f689
list/or@1, en-ZA, 353B, f2fa08769634f689
list/or@1, es, 509B, 4946f69d62799df4
list/or@1, es-AR, 509B, 4946f69d62799df4
list/or@1, fil, 438B, 211426661bff8284
list/or@1, fr, 353B, 5b1978ccfe0b6abd
list/or@1, ja, 454B, fc27a171aed696fc
list/or@1, ru, 357B, cdc2297f25b1420
list/or@1, sr, 357B, cdc2297f25b1420
list/or@1, sr-Cyrl, 357B, cdc2297f25b1420
list/or@1, sr-Latn, 354B, d0c89c749ccb0d66
list/or@1, th, 459B, 7c6c1cc7fd70389b
list/or@1, tr, 355B, fbdd64682a4b2d1f
list/or@1, und, 440B, cbf59ebeaa22cf0c
list/unit@1, ar, 355B, 62285e8654deaef2
list/unit@1, ar-EG, 355B, 62285e8654deaef2
list/unit@1, bn, 267B, ed5c23376111f549
list/unit@1, ccp, 267B, ed5c23376111f549
list/unit@1, en, 350B, e57426cf360b29a6
list/unit@1, en-001, 350B, e57426cf360b29a6
list/unit@1, en-ZA, 350B, e57426cf360b29a6
list/unit@1, es, 547B, 3cbeb2c92701310c
list/unit@1, es-AR, 547B, 3cbeb2c92701310c
list/unit@1, fil, 350B, e57426cf360b29a6
list/unit@1, fr, 436B, c6111077f284beb1
list/unit@1, ja, 348B, c77f1843b834281d
list/unit@1, ru, 266B, 85311523bac423fc
list/unit@1, sr, 353B, 50baad51905a87da
list/unit@1, sr-Cyrl, 353B, 50baad51905a87da
list/unit@1, sr-Latn, 352B, 4d59bf5dc26072b8
list/unit@1, th, 360B, 2b55f76c450485ec
list/unit@1, tr, 266B, 85311523bac423fc
list/unit@1, und, 267B, ed5c23376111f549
locid_transform/aliases@1, und, 18572B, 34ee26a369ad86e3
locid_transform/likelysubtags@1, und, 23040B, 50a381e9e01d5c69
locid_transform/likelysubtags_ext@1, und, 350578B, 18babff6ae40f3f4
locid_transform/likelysubtags_l@1, und, 9479B, 37f0f4accdcf60d
locid_transform/likelysubtags_sr@1, und, 13564B, 27ee855eb787318b
locid_transform/script_dir@1, und, 2025B, c0f190b3a3bdb984
normalizer/comp@1, und, 29836B, acf6b523f466044b
normalizer/decomp@1, und, 13620B, f268fef343685b92
normalizer/nfd@1, und, 85212B, 1694a185adfafd01
normalizer/nfdex@1, und, 9053B, 45468d62310353f4
normalizer/nfkd@1, und, 66338B, 369871b6bee17cc8
normalizer/nfkdex@1, und, 26054B, cb761e0aa720276d
normalizer/uts46d@1, und, 91764B, 537fecfac53a6d3f
plurals/cardinal@1, ar, 116B, e1239ea5ba0b30be
plurals/cardinal@1, bn, 92B, 1e92426ba35800a6
plurals/cardinal@1, en, 93B, 973f79f68d08593c
plurals/cardinal@1, es, 140B, c58bc4e07b089b40
plurals/cardinal@1, fil, 162B, b299fa9251bdb995
plurals/cardinal@1, fr, 143B, fc706eb2d3f39caa
plurals/cardinal@1, ja, 80B, fa66709961595d8
plurals/cardinal@1, ru, 234B, f55ad9dde8d36200
plurals/cardinal@1, sr, 230B, c0001a8de2ab1ef8
plurals/cardinal@1, th, 80B, fa66709961595d8
plurals/cardinal@1, tr, 83B, 2e1b448d71718b01
plurals/cardinal@1, und, 80B, fa66709961595d8
plurals/ordinal@1, ar, 80B, fa66709961595d8
plurals/ordinal@1, bn, 111B, 8e734fa51e413862
plurals/ordinal@1, en, 158B, bb586e5db5bebbbf
plurals/ordinal@1, es, 80B, fa66709961595d8
plurals/ordinal@1, fil, 83B, 2e1b448d71718b01
plurals/ordinal@1, fr, 83B, 2e1b448d71718b01
plurals/ordinal@1, ja, 80B, fa66709961595d8
plurals/ordinal@1, ru, 80B, fa66709961595d8
plurals/ordinal@1, sr, 80B, fa66709961595d8
plurals/ordinal@1, th, 80B, fa66709961595d8
plurals/ordinal@1, tr, 80B, fa66709961595d8
plurals/ordinal@1, und, 80B, fa66709961595d8
propnames/from/GCB@1, und, 472B, d4b6d8e35cbc222a
propnames/from/SB@1, und, 434B, e0ddaee1c228ff74
propnames/from/WB@1, und, 723B, 755b9030be59bdd9
propnames/from/bc@1, und, 1010B, 491163d83b831176
propnames/from/ccc@1, und, 1451B, 18d66b6b4dfbeff8
propnames/from/ea@1, und, 201B, 597a7833c4f731b6
propnames/from/gc@1, und, 1233B, c5cff87bf5d341cf
propnames/from/gcm@1, und, 1590B, c2d0bff328a7f9a8
propnames/from/lb@1, und, 1501B, 7cec4c84d98981f4
propnames/from/sc@1, und, 6669B, ea9835fca087fca
propnames/to/long/linear/GCB@1, und, 260B, 96eed3d7ade8386f
propnames/to/long/linear/SB@1, und, 195B, b4f03704e5d54d51
propnames/to/long/linear/WB@1, und, 378B, 66df55a0f3d77b60
propnames/to/long/linear/bc@1, und, 579B, 79301af72bf1b4bd
propnames/to/long/linear/ea@1, und, 98B, ab57960f196f2f7e
propnames/to/long/linear/gc@1, und, 655B, 333d43f68e2b9061
propnames/to/long/linear/lb@1, und, 797B, ca50fc6a973580fd
propnames/to/long/linear/sc@1, und, 3151B, c924751c55428908
propnames/to/long/sparse/ccc@1, und, 1260B, 269f4bce8cd6964e
propnames/to/short/linear/GCB@1, und, 188B, 5f1a783f9a360fb5
propnames/to/short/linear/SB@1, und, 158B, cd7a5efb0bbc1f55
propnames/to/short/linear/WB@1, und, 245B, d08b91888c101796
propnames/to/short/linear/bc@1, und, 243B, 249963482d8ed1f2
propnames/to/short/linear/ea@1, und, 64B, 61b281ef15a47c84
propnames/to/short/linear/gc@1, und, 308B, ee82ea1bb98df72
propnames/to/short/linear/lb@1, und, 438B, c55674d2131d058e
propnames/to/short/linear4/sc@1, und, 2406B, fe2e79b2cc5b0a68
propnames/to/short/sparse/ccc@1, und, 1086B, f097708cc601d74a
props/AHex@1, und, 61B, 913aee77b3e0d863
props/Alpha@1, und, 11026B, 48a97ffd624c83e4
props/Basic_Emoji@1, und, 4809B, 9858ba04786cb187
props/Bidi_C@1, und, 83B, e668bcd92980d14f
props/Bidi_M@1, und, 1573B, e826bdf23a728b04
props/CI@1, und, 6104B, 35df14ff22906542
props/CWCF@1, und, 6905B, 5410eb4cfa85e87b
props/CWCM@1, und, 1824B, 75bad1495f741525
props/CWKCF@1, und, 9963B, b6191232b78e6fea
props/CWL@1, und, 6730B, 23031d6d8ecd48d
props/CWT@1, und, 6905B, ae333abab5be5cdb
props/CWU@1, und, 6919B, cb43e126a9539f4d
props/Cased@1, und, 2322B, 9ee9d3dd4647306b
props/Comp_Ex@1, und, 926B, c26ef92e08bc0b4a
props/DI@1, und, 262B, 229972f45c13970b
props/Dash@1, und, 290B, c092c8456218ad65
props/Dep@1, und, 127B, c213fa5827c80533
props/Dia@1, und, 2698B, b1e5b7288eef1bc9
props/EBase@1, und, 614B, 840ed65f5d62e933
props/EComp@1, und, 158B, 7f24a0abf70f328a
props/EMod@1, und, 45B, 28b303a81e5855cc
props/EPres@1, und, 1199B, 2b06b80cedd5a453
props/Emoji@1, und, 2108B, fbb3aeeef8adeec0
props/Ext@1, und, 445B, de9076b42195f43e
props/ExtPict@1, und, 1108B, b409a4790b5081f5
props/GCB@1, und, 55829B, 7b4b8134981b1f68
props/Gr_Base@1, und, 13292B, e76a805ae622f575
props/Gr_Ext@1, und, 5153B, 94f50bf929737c05
props/Gr_Link@1, und, 710B, 8d78253c1809bf81
props/Hex@1, und, 106B, 504c0fbcac907e73
props/Hyphen@1, und, 138B, cd377055a5f27c69
props/IDC@1, und, 11648B, 9bf0a141a57d6510
props/IDS@1, und, 9800B, b4031415fce5175b
props/IDSB@1, und, 58B, 4ef46127dc33ce25
props/IDST@1, und, 43B, 87ec12fb006df848
props/Ideo@1, und, 349B, 2ee9dd821ae34fca
props/Join_C@1, und, 43B, a4db354da32b80be
props/LOE@1, und, 125B, cf67e5c5b5a33990
props/Lower@1, und, 7677B, 5589f192efe3886a
props/Math@1, und, 1948B, 2594209ae989c9e3
props/NChar@1, und, 330B, 1b5f3a624559c5a8
props/PCM@1, und, 111B, 76eafd5d8626d70b
props/Pat_Syn@1, und, 381B, 11bc87b72fe048e
props/Pat_WS@1, und, 90B, d65e154b40d90bd4
props/QMark@1, und, 190B, add14d075b5308c7
props/RI@1, und, 45B, f20a37cf1fa6bb00
props/Radical@1, und, 73B, 336eb7eebdc8fe4
props/SB@1, und, 104069B, f9c524ed4500451b
props/SD@1, und, 484B, d51611ab2ba87cae
props/STerm@1, und, 1132B, ef739547a832ac22
props/Sensitive@1, und, 1920B, dc55abb33f1274aa
props/Term@1, und, 1528B, ec28bbd78e5f6bc4
props/UIdeo@1, und, 270B, 5e8c46cc8a191a5b
props/Upper@1, und, 7374B, efc0879358c0d232
props/VS@1, und, 86B, 15f6c1dd43a1ecb3
props/WB@1, und, 78892B, f09db5c3c60bc0ce
props/WSpace@1, und, 144B, cbb5e7a2d295f439
props/XIDC@1, und, 11729B, d57f3fd7dd5bf10
props/XIDS@1, und, 9873B, a717c01a7255cf70
props/alnum@1, und, 11681B, bb64aee9e6e8f6af
props/bc@1, und, 70233B, 869b1a7a357e4f29
props/bidiauxiliaryprops@1, und, 149572B, 90b7640bdb3ff583
props/blank@1, und, 116B, 7c220ed0c9c55597
props/casemap@1, und, 1482492B, d8a35ff539f2978c
props/ccc@1, und, 37273B, 4a3deb475607f896
props/ea@1, und, 34405B, bdb74c3748204020
props/exemplarchars/auxiliary@1, ar, 239B, 6f90534d5eb1adbf
props/exemplarchars/auxiliary@1, ar-EG, 239B, 6f90534d5eb1adbf
props/exemplarchars/auxiliary@1, bn, 118B, 970dc40dcfefc6d0
props/exemplarchars/auxiliary@1, ccp, 80B, 6314360ee3b2f4bd
props/exemplarchars/auxiliary@1, en, 285B, 19294f425fb42a7d
props/exemplarchars/auxiliary@1, en-001, 285B, 19294f425fb42a7d
props/exemplarchars/auxiliary@1, en-ZA, 377B, 3dabfdac100bcbdf
props/exemplarchars/auxiliary@1, es, 384B, 4b0f748ce461d09f
props/exemplarchars/auxiliary@1, es-AR, 384B, 4b0f748ce461d09f
props/exemplarchars/auxiliary@1, fil, 159B, 529789f062944a41
props/exemplarchars/auxiliary@1, fr, 300B, add112408134b59c
props/exemplarchars/auxiliary@1, ja, 1059B, b3cf998fb9fa6f73
props/exemplarchars/auxiliary@1, ru, 210B, a5ae22ba6ff475ca
props/exemplarchars/auxiliary@1, sr, 154B, 4988967bc0616556
props/exemplarchars/auxiliary@1, sr-Cyrl, 154B, 4988967bc0616556
props/exemplarchars/auxiliary@1, sr-Latn, 120B, e68c9de18b5dc7a0
props/exemplarchars/auxiliary@1, th, 97B, 5e2e1360a49997ac
props/exemplarchars/auxiliary@1, tr, 312B, dfb7236bba4ae0aa
props/exemplarchars/auxiliary@1, und, 80B, 6314360ee3b2f4bd
props/exemplarchars/index@1, ar, 141B, cdbf2dd4d5db3a11
props/exemplarchars/index@1, ar-EG, 141B, cdbf2dd4d5db3a11
props/exemplarchars/index@1, bn, 205B, 99fca67a50f2be31
props/exemplarchars/index@1, ccp, 103B, 37fda226e2130801
props/exemplarchars/index@1, en, 97B, 1199cf2414b7ea66
props/exemplarchars/index@1, en-001, 97B, 1199cf2414b7ea66
props/exemplarchars/index@1, en-ZA, 97B, 1199cf2414b7ea66
props/exemplarchars/index@1, es, 109B, aaafcffd736247bd
props/exemplarchars/index@1, es-AR, 109B, aaafcffd736247bd
props/exemplarchars/index@1, fil, 125B, 812c19368cdeb98b
props/exemplarchars/index@1, fr, 97B, 1199cf2414b7ea66
props/exemplarchars/index@1, ja, 214B, 60b0f5d91c4fbd4a
props/exemplarchars/index@1, ru, 138B, 850d4fd8a337016c
props/exemplarchars/index@1, sr, 141B, 16a8d3355500fa8a
props/exemplarchars/index@1, sr-Cyrl, 141B, 16a8d3355500fa8a
props/exemplarchars/index@1, sr-Latn, 186B, 1aec00428f5411ed
props/exemplarchars/index@1, th, 101B, 53e382138419a0a4
props/exemplarchars/index@1, tr, 157B, dd64a1a0a10787d4
props/exemplarchars/index@1, und, 80B, 6314360ee3b2f4bd
props/exemplarchars/main@1, ar, 126B, 48e26daedb0ea3c4
props/exemplarchars/main@1, ar-EG, 126B, 48e26daedb0ea3c4
props/exemplarchars/main@1, bn, 364B, c3db3044c93fa2be
props/exemplarchars/main@1, ccp, 103B, e42265324ff58de5
props/exemplarchars/main@1, en, 97B, 56de5477b2b454cb
props/exemplarchars/main@1, en-001, 97B, 56de5477b2b454cb
props/exemplarchars/main@1, en-ZA, 97B, 56de5477b2b454cb
props/exemplarchars/main@1, es, 181B, 8c13c41c1a7394d1
props/exemplarchars/main@1, es-AR, 181B, 8c13c41c1a7394d1
props/exemplarchars/main@1, fil, 125B, f0f13ee8706cf9b4
props/exemplarchars/main@1, fr, 214B, aaf06327387802c0
props/exemplarchars/main@1, ja, 23952B, eb701ac67f9e0bd8
props/exemplarchars/main@1, ru, 111B, 47d8a5c5d1de8782
props/exemplarchars/main@1, sr, 153B, 937de3ec67d9ee62
props/exemplarchars/main@1, sr-Cyrl, 153B, 937de3ec67d9ee62
props/exemplarchars/main@1, sr-Latn, 222B, 54b12b6dc94eaae9
props/exemplarchars/main@1, th, 118B, 406321ab9f35c737
props/exemplarchars/main@1, tr, 198B, 87745817b8ddfa46
props/exemplarchars/main@1, und, 80B, 6314360ee3b2f4bd
props/exemplarchars/numbers@1, ar, 199B, 6d1d5f62df9cb3c4
props/exemplarchars/numbers@1, ar-EG, 199B, 6d1d5f62df9cb3c4
props/exemplarchars/numbers@1, bn, 164B, fd9e2bf7644aaf10
props/exemplarchars/numbers@1, ccp, 147B, 3f1ed82334cb912f
props/exemplarchars/numbers@1, en, 147B, 3f1ed82334cb912f
props/exemplarchars/numbers@1, en-001, 147B, 3f1ed82334cb912f
props/exemplarchars/numbers@1, en-ZA, 147B, c17ade112672dd3c
props/exemplarchars/numbers@1, es, 147B, 3f1ed82334cb912f
props/exemplarchars/numbers@1, es-AR, 147B, 3f1ed82334cb912f
props/exemplarchars/numbers@1, fil, 147B, 3f1ed82334cb912f
props/exemplarchars/numbers@1, fr, 216B, bd09f33ba63868bb
props/exemplarchars/numbers@1, ja, 147B, 3f1ed82334cb912f
props/exemplarchars/numbers@1, ru, 147B, c17ade112672dd3c
props/exemplarchars/numbers@1, sr, 147B, 3f1ed82334cb912f
props/exemplarchars/numbers@1, sr-Cyrl, 147B, 3f1ed82334cb912f
props/exemplarchars/numbers@1, sr-Latn, 147B, 3f1ed82334cb912f
props/exemplarchars/numbers@1, th, 147B, 3f1ed82334cb912f
props/exemplarchars/numbers@1, tr, 147B, 3f1ed82334cb912f
props/exemplarchars/numbers@1, und, 147B, 3f1ed82334cb912f
props/exemplarchars/punctuation@1, ar, 264B, 4274f90490490e50
props/exemplarchars/punctuation@1, ar-EG, 264B, 4274f90490490e50
props/exemplarchars/punctuation@1, bn, 298B, ed9f4899daec99d4
props/exemplarchars/punctuation@1, ccp, 317B, 41486e8f4ff50fa
props/exemplarchars/punctuation@1, en, 298B, ed9f4899daec99d4
props/exemplarchars/punctuation@1, en-001, 298B, ed9f4899daec99d4
props/exemplarchars/punctuation@1, en-ZA, 298B, ed9f4899daec99d4
props/exemplarchars/punctuation@1, es, 337B, 59aa9257c511e142
props/exemplarchars/punctuation@1, es-AR, 337B, 59aa9257c511e142
props/exemplarchars/punctuation@1, fil, 279B, e4311de4c7fd092
props/exemplarchars/punctuation@1, fr, 312B, 9a8ba99c4086cf14
props/exemplarchars/punctuation@1, ja, 634B, f585275a470302fe
props/exemplarchars/punctuation@1, ru, 328B, dc00048f39d315a3
props/exemplarchars/punctuation@1, sr, 295B, db4f435b60296aeb
props/exemplarchars/punctuation@1, sr-Cyrl, 295B, db4f435b60296aeb
props/exemplarchars/punctuation@1, sr-Latn, 295B, db4f435b60296aeb
props/exemplarchars/punctuation@1, th, 265B, df6110a1542c8268
props/exemplarchars/punctuation@1, tr, 298B, ed9f4899daec99d4
props/exemplarchars/punctuation@1, und, 202B, 17a35b9b581cbb02
props/gc@1, und, 265546B, 9fb1bd302bae265f
props/graph@1, und, 11100B, e446cdfbf16a5659
props/lb@1, und, 113583B, d3cc73b3c56912bf
props/nfcinert@1, und, 13068B, 90066390909ec9a5
props/nfdinert@1, und, 5753B, 91f4814ccaa20735
props/nfkcinert@1, und, 15321B, 4ae55ba72184275b
props/nfkdinert@1, und, 7939B, ca612fa02e52bba
props/print@1, und, 11055B, e08b47e7cb89e4e4
props/sc@1, und, 132600B, 877f602a8fb54ef3
props/scx@1, und, 142212B, c10450e475333e85
props/segstart@1, und, 3296B, 92d986f043f78e39
props/xdigit@1, und, 1084B, f897803a80f82ee2
relativetime/long/day@1, ar, 1103B, bb0f897446c79afb
relativetime/long/day@1, ar-EG, 1103B, bb0f897446c79afb
relativetime/long/day@1, bn, 697B, 3302d8489246d7c
relativetime/long/day@1, ccp, 907B, f0325aec7afafa1c
relativetime/long/day@1, en, 528B, 8be19d066f45bba8
relativetime/long/day@1, en-001, 528B, 8be19d066f45bba8
relativetime/long/day@1, en-ZA, 528B, 8be19d066f45bba8
relativetime/long/day@1, es, 591B, 16c816df8c94c19a
relativetime/long/day@1, es-AR, 591B, 16c816df8c94c19a
relativetime/long/day@1, fil, 610B, bed3277e6413ba98
relativetime/long/day@1, fr, 593B, ebe35bd695a1e4ed
relativetime/long/day@1, ja, 469B, c99ae73149afd998
relativetime/long/day@1, ru, 897B, 9481292e74f7337a
relativetime/long/day@1, sr, 735B, db9636845d4e10ae
relativetime/long/day@1, sr-Cyrl, 735B, db9636845d4e10ae
relativetime/long/day@1, sr-Latn, 667B, 7977f2bedf72a79c
relativetime/long/day@1, th, 606B, 84aff7affeda5bfb
relativetime/long/day@1, tr, 584B, de6c2b2bbdb93313
relativetime/long/day@1, und, 420B, a23b2b7933f1e859
relativetime/long/hour@1, ar, 1044B, 441834fbbde02d4b
relativetime/long/hour@1, ar-EG, 1044B, 441834fbbde02d4b
relativetime/long/hour@1, bn, 571B, 6648b4aa6b711e1
relativetime/long/hour@1, ccp, 618B, 882cda885d881b9
relativetime/long/hour@1, en, 492B, e367557159939e5d
relativetime/long/hour@1, en-001, 492B, e367557159939e5d
relativetime/long/hour@1, en-ZA, 492B, e367557159939e5d
relativetime/long/hour@1, es, 510B, d407cc3d748d2648
relativetime/long/hour@1, es-AR, 510B, d407cc3d748d2648
relativetime/long/hour@1, fil, 513B, b2f8aeea8e4c62fe
relativetime/long/hour@1, fr, 511B, 839e778601bdfc87
relativetime/long/hour@1, ja, 399B, 601d0bc6bc8d4bde
relativetime/long/hour@1, ru, 793B, 967de436a1ae6c89
relativetime/long/hour@1, sr, 634B, 9df3eef098c28d0e
relativetime/long/hour@1, sr-Cyrl, 634B, 9df3eef098c28d0e
relativetime/long/hour@1, sr-Latn, 588B, 862d336054afdc56
relativetime/long/hour@1, th, 483B, 87a8d22fcf6a56fc
relativetime/long/hour@1, tr, 498B, a3c8e26829d01dce
relativetime/long/hour@1, und, 380B, 4f2449c6f391a8df
relativetime/long/minute@1, ar, 1058B, dc0c43cfb8da86ad
relativetime/long/minute@1, ar-EG, 1058B, dc0c43cfb8da86ad
relativetime/long/minute@1, bn, 559B, 9d46153fc0e384bb
relativetime/long/minute@1, ccp, 614B, 872fadcefca89b28
relativetime/long/minute@1, en, 502B, e194e3ddd33b4209
relativetime/long/minute@1, en-001, 502B, e194e3ddd33b4209
relativetime/long/minute@1, en-ZA, 502B, e194e3ddd33b4209
relativetime/long/minute@1, es, 520B, 7c0024530f472c80
relativetime/long/minute@1, es-AR, 520B, 7c0024530f472c80
relativetime/long/minute@1, fil, 524B, 3aef891312a0280f
relativetime/long/minute@1, fr, 516B, 63bc70630cd7b680
relativetime/long/minute@1, ja, 390B, c0b05ff1ea9870e5
relativetime/long/minute@1, ru, 825B, 452d978d75fd7294
relativetime/long/minute@1, sr, 662B, 939fdaafcfba167b
relativetime/long/minute@1, sr-Cyrl, 662B, 939fdaafcfba167b
relativetime/long/minute@1, sr-Latn, 602B, e911f7f0f4fe1a2b
relativetime/long/minute@1, th, 456B, 158190c78e8f6dfa
relativetime/long/minute@1, tr, 508B, e48378fef686dbfb
relativetime/long/minute@1, und, 386B, 78cc505fa021b294
relativetime/long/month@1, ar, 1087B, 6e1656e9881e551
relativetime/long/month@1, ar-EG, 1087B, 6e1656e9881e551
relativetime/long/month@1, bn, 594B, b2e8b6635730fb5c
relativetime/long/month@1, ccp, 647B, 57090e35ea70d5bd
relativetime/long/month@1, en, 544B, 52cc9a9006c2505
relativetime/long/month@1, en-001, 544B, 52cc9a9006c2505
relativetime/long/month@1, en-ZA, 544B, 52cc9a9006c2505
relativetime/long/month@1, es, 562B, 8f7107d4378e123c
relativetime/long/month@1, es-AR, 562B, 8f7107d4378e123c
relativetime/long/month@1, fil, 576B, cf8ec442751c8c4b
relativetime/long/month@1, fr, 559B, ba0e45dc12127940
relativetime/long/month@1, ja, 430B, 9b26a99332fb94d8
relativetime/long/month@1, ru, 922B, 60854ad478e29836
relativetime/long/month@1, sr, 745B, 2a60ab4012d57fec
relativetime/long/month@1, sr-Cyrl, 745B, 2a60ab4012d57fec
relativetime/long/month@1, sr-Latn, 660B, d0abf86a8fbe09a2
relativetime/long/month@1, th, 555B, 840d4e289c58b75c
relativetime/long/month@1, tr, 534B, 50b078ff6299827b
relativetime/long/month@1, und, 428B, bf6c6a67f4ab013f
relativetime/long/quarter@1, ar, 1163B, 9c79b128322b5a6d
relativetime/long/quarter@1, ar-EG, 1163B, 9c79b128322b5a6d
relativetime/long/quarter@1, bn, 720B, 32ff95755e88561d
relativetime/long/quarter@1, ccp, 795B, 302db92d9eb001ba
relativetime/long/quarter@1, en, 558B, 42627a1198259321
relativetime/long/quarter@1, en-001, 558B, 42627a1198259321
relativetime/long/quarter@1, en-ZA, 558B, 42627a1198259321
relativetime/long/quarter@1, es, 602B, 800d37d9144fff1e
relativetime/long/quarter@1, es-AR, 602B, 800d37d9144fff1e
relativetime/long/quarter@1, fil, 590B, 8ceb81660ee8bd05
relativetime/long/quarter@1, fr, 593B, c9be7ecf3826f974
relativetime/long/quarter@1, ja, 454B, 5cdf29576e1da125
relativetime/long/quarter@1, ru, 972B, ca7ca817a95ebaf
relativetime/long/quarter@1, sr, 781B, 28e59945b900a50a
relativetime/long/quarter@1, sr-Cyrl, 781B, 28e59945b900a50a
relativetime/long/quarter@1, sr-Latn, 678B, 26e1e07e2efa5409
relativetime/long/quarter@1, th, 564B, 37dd84de7acb7216
relativetime/long/quarter@1, tr, 569B, 43506dba7c7d9972
relativetime/long/quarter@1, und, 434B, 5f7c7a17e2fe5f6a
relativetime/long/second@1, ar, 1045B, dc4bbdc0c67f895d
relativetime/long/second@1, ar-EG, 1045B, dc4bbdc0c67f895d
relativetime/long/second@1, bn, 588B, ea063753310e2c83
relativetime/long/second@1, ccp, 617B, 2b6c227a5d4b622c
relativetime/long/second@1, en, 494B, dc3ea0031c08310d
relativetime/long/second@1, en-001, 494B, dc3ea0031c08310d
relativetime/long/second@1, en-ZA, 494B, dc3ea0031c08310d
relativetime/long/second@1, es, 518B, c93ea45a3585b99b
relativetime/long/second@1, es-AR, 518B, c93ea45a3585b99b
relativetime/long/second@1, fil, 519B, 24881842ba35e2a8
relativetime/long/second@1, fr, 515B, 6eff724f1421fbd2
relativetime/long/second@1, ja, 382B, d916453db107b061
relativetime/long/second@1, ru, 831B, b96aad7279c74024
relativetime/long/second@1, sr, 663B, a09997dfa8a726d
relativetime/long/second@1, sr-Cyrl, 663B, a09997dfa8a726d
relativetime/long/second@1, sr-Latn, 602B, 67cbb2c7dd07899c
relativetime/long/second@1, th, 465B, c671226e4829044
relativetime/long/second@1, tr, 505B, 63b4dca3d3bf8f18
relativetime/long/second@1, und, 374B, e4475e86cd4a777b
relativetime/long/week@1, ar, 1147B, 4541171ce1c2f587
relativetime/long/week@1, ar-EG, 1147B, 4541171ce1c2f587
relativetime/long/week@1, bn, 657B, 26157421ef7241f6
relativetime/long/week@1, ccp, 691B, d9056ac8056dcaa
relativetime/long/week@1, en, 537B, d91dda23e4bad808
relativetime/long/week@1, en-001, 537B, d91dda23e4bad808
relativetime/long/week@1, en-ZA, 537B, d91dda23e4bad808
relativetime/long/week@1, es, 581B, 71e71e2c4d1757e
relativetime/long/week@1, es-AR, 581B, 71e71e2c4d1757e
relativetime/long/week@1, fil, 587B, f2600973d04f03e7
relativetime/long/week@1, fr, 585B, ca8f496c90ee57d0
relativetime/long/week@1, ja, 430B, 85963d14d7df5ab3
relativetime/long/week@1, ru, 928B, 7757fb015eaaf3c3
relativetime/long/week@1, sr, 741B, 301d7837569fb3f4
relativetime/long/week@1, sr-Cyrl, 741B, 301d7837569fb3f4
relativetime/long/week@1, sr-Latn, 667B, b26c3d3bcaf4216b
relativetime/long/week@1, th, 585B, 428a8528b5ee3494
relativetime/long/week@1, tr, 555B, b26edf406ab3326e
relativetime/long/week@1, und, 425B, 1dfe3db1fa9c43b8
relativetime/long/year@1, ar, 1099B, 95f5ba1e1dc00e94
relativetime/long/year@1, ar-EG, 1099B, 95f5ba1e1dc00e94
relativetime/long/year@1, bn, 612B, 928314d96ad56b53
relativetime/long/year@1, ccp, 723B, 34877413174e120b
relativetime/long/year@1, en, 537B, 10b124aff0ce2a6c
relativetime/long/year@1, en-001, 537B, 10b124aff0ce2a6c
relativetime/long/year@1, en-ZA, 537B, 10b124aff0ce2a6c
relativetime/long/year@1, es, 567B, f2395e768a0bcdd2
relativetime/long/year@1, es-AR, 567B, f2395e768a0bcdd2
relativetime/long/year@1, fil, 569B, 4ac0577ccbc62dbd
relativetime/long/year@1, fr, 564B, 2f19c32098664c76
relativetime/long/year@1, ja, 424B, c83dc62ac513a289
relativetime/long/year@1, ru, 870B, 47e53e05d3a8b75
relativetime/long/year@1, sr, 741B, 6cd505b241a3cfb8
relativetime/long/year@1, sr-Cyrl, 741B, 6cd505b241a3cfb8
relativetime/long/year@1, sr-Latn, 658B, 7264b6f31520266f
relativetime/long/year@1, th, 504B, 85737223d0fe8731
relativetime/long/year@1, tr, 548B, da4a4d996cb48710
relativetime/long/year@1, und, 425B, 7a604578bc7e4265
relativetime/narrow/day@1, ar, 1103B, bb0f897446c79afb
relativetime/narrow/day@1, ar-EG, 1103B, bb0f897446c79afb
relativetime/narrow/day@1, bn, 697B, 3302d8489246d7c
relativetime/narrow/day@1, ccp, 955B, eb75dd88aad13da
relativetime/narrow/day@1, en, 514B, 7cddea68c2d7154d
relativetime/narrow/day@1, en-001, 528B, 8be19d066f45bba8
relativetime/narrow/day@1, en-ZA, 528B, 8be19d066f45bba8
relativetime/narrow/day@1, es, 577B, b5ed9789db8cdf64
relativetime/narrow/day@1, es-AR, 593B, e3763464243a6861
relativetime/narrow/day@1, fil, 610B, bed3277e6413ba98
relativetime/narrow/day@1, fr, 559B, cfe6d66f4d795cd
relativetime/narrow/day@1, ja, 467B, 5ba1fe7504274e8e
relativetime/narrow/day@1, ru, 797B, 1c0d751139d79b97
relativetime/narrow/day@1, sr, 707B, 555055d33415b2bf
relativetime/narrow/day@1, sr-Cyrl, 707B, 555055d33415b2bf
relativetime/narrow/day@1, sr-Latn, 656B, 8b77ed1c156bec23
relativetime/narrow/day@1, th, 590B, de7803ded3eda4ad
relativetime/narrow/day@1, tr, 584B, de6c2b2bbdb93313
relativetime/narrow/day@1, und, 420B, a23b2b7933f1e859
relativetime/narrow/hour@1, ar, 1044B, 441834fbbde02d4b
relativetime/narrow/hour@1, ar-EG, 1044B, 441834fbbde02d4b
relativetime/narrow/hour@1, bn, 571B, 6648b4aa6b711e1
relativetime/narrow/hour@1, ccp, 618B, 882cda885d881b9
relativetime/narrow/hour@1, en, 474B, 98fc705d236ea07e
relativetime/narrow/hour@1, en-001, 482B, aaa8f513122e4624
relativetime/narrow/hour@1, en-ZA, 482B, aaa8f513122e4624
relativetime/narrow/hour@1, es, 496B, c15b31a7cfb1b343
relativetime/narrow/hour@1, es-AR, 496B, c15b31a7cfb1b343
relativetime/narrow/hour@1, fil, 513B, b2f8aeea8e4c62fe
relativetime/narrow/hour@1, fr, 473B, 3fe9e6dd6456036e
relativetime/narrow/hour@1, ja, 397B, b28a2f0e5b35d73c
relativetime/narrow/hour@1, ru, 661B, 71d52c7df378fe5
relativetime/narrow/hour@1, sr, 606B, b3dde77d64a370d5
relativetime/narrow/hour@1, sr-Cyrl, 606B, b3dde77d64a370d5
relativetime/narrow/hour@1, sr-Latn, 583B, c3ff00aed6e82337
relativetime/narrow/hour@1, th, 440B, ffb98707266facc8
relativetime/narrow/hour@1, tr, 494B, 42afc7973f025d19
relativetime/narrow/hour@1, und, 380B, 4f2449c6f391a8df
relativetime/narrow/minute@1, ar, 1058B, dc0c43cfb8da86ad
relativetime/narrow/minute@1, ar-EG, 1058B, dc0c43cfb8da86ad
relativetime/narrow/minute@1, bn, 559B, 9d46153fc0e384bb
relativetime/narrow/minute@1, ccp, 614B, 872fadcefca89b28
relativetime/narrow/minute@1, en, 476B, d45714668e386739
relativetime/narrow/minute@1, en-001, 488B, 9fae7d266d8bd1f
relativetime/narrow/minute@1, en-ZA, 488B, 9fae7d266d8bd1f
relativetime/narrow/minute@1, es, 506B, f0820a6056f15dfe
relativetime/narrow/minute@1, es-AR, 506B, f0820a6056f15dfe
relativetime/narrow/minute@1, fil, 516B, a85050c27e2a6c03
relativetime/narrow/minute@1, fr, 482B, 23aefacd49cbabb1
relativetime/narrow/minute@1, ja, 388B, 594947fd4a166659
relativetime/narrow/minute@1, ru, 697B, b849f9f7aaf0a23f
relativetime/narrow/minute@1, sr, 634B, b0f5e6c43f41a88a
relativetime/narrow/minute@1, sr-Cyrl, 634B, b0f5e6c43f41a88a
relativetime/narrow/minute@1, sr-Latn, 591B, 98ef65436ec2c871
relativetime/narrow/minute@1, th, 440B, 1cb0f1adba5d420e
relativetime/narrow/minute@1, tr, 496B, a6e7c489e3d0a883
relativetime/narrow/minute@1, und, 386B, 78cc505fa021b294
relativetime/narrow/month@1, ar, 1087B, 6e1656e9881e551
relativetime/narrow/month@1, ar-EG, 1087B, 6e1656e9881e551
relativetime/narrow/month@1, bn, 594B, b2e8b6635730fb5c
relativetime/narrow/month@1, ccp, 647B, 57090e35ea70d5bd
relativetime/narrow/month@1, en, 520B, 7e0dc29f43475896
relativetime/narrow/month@1, en-001, 521B, 9629450e1df1050e
relativetime/narrow/month@1, en-ZA, 521B, 9629450e1df1050e
relativetime/narrow/month@1, es, 550B, c83039309eff6a7c
relativetime/narrow/month@1, es-AR, 550B, c83039309eff6a7c
relativetime/narrow/month@1, fil, 576B, cf8ec442751c8c4b
relativetime/narrow/month@1, fr, 531B, ef0f8e200ef049ab
relativetime/narrow/month@1, ja, 428B, 7f5924568c54a704
relativetime/narrow/month@1, ru, 762B, 2e1a66c7230e49e0
relativetime/narrow/month@1, sr, 678B, 3d1247a186d54cc3
relativetime/narrow/month@1, sr-Cyrl, 678B, 3d1247a186d54cc3
relativetime/narrow/month@1, sr-Latn, 631B, 5ddeb138db28a6b8
relativetime/narrow/month@1, th, 539B, aeb56d197f4cbaa0
relativetime/narrow/month@1, tr, 534B, 50b078ff6299827b
relativetime/narrow/month@1, und, 428B, bf6c6a67f4ab013f
relativetime/narrow/quarter@1, ar, 1163B, 9c79b128322b5a6d
relativetime/narrow/quarter@1, ar-EG, 1163B, 9c79b128322b5a6d
relativetime/narrow/quarter@1, bn, 720B, 32ff95755e88561d
relativetime/narrow/quarter@1, ccp, 799B, d3e808be1adb0397
relativetime/narrow/quarter@1, en, 519B, f0987d1d3356c96e
relativetime/narrow/quarter@1, en-001, 531B, d808690c1c9ba28d
relativetime/narrow/quarter@1, en-ZA, 531B, d808690c1c9ba28d
relativetime/narrow/quarter@1, es, 584B, 4a205e47d73e5cf
relativetime/narrow/quarter@1, es-AR, 584B, 4a205e47d73e5cf
relativetime/narrow/quarter@1, fil, 590B, 8ceb81660ee8bd05
relativetime/narrow/quarter@1, fr, 555B, 643bf1fe15fba6ae
relativetime/narrow/quarter@1, ja, 452B, 2c9e556fd8422d27
relativetime/narrow/quarter@1, ru, 737B, 11f30f35a0d91991
relativetime/narrow/quarter@1, sr, 717B, 4567cc84bea6e706
relativetime/narrow/quarter@1, sr-Cyrl, 717B, 4567cc84bea6e706
relativetime/narrow/quarter@1, sr-Latn, 649B, fef5595e448793a3
relativetime/narrow/quarter@1, th, 554B, e32540040271a339
relativetime/narrow/quarter@1, tr, 555B, 8a459783860724ce
relativetime/narrow/quarter@1, und, 434B, 5f7c7a17e2fe5f6a
relativetime/narrow/second@1, ar, 1045B, e89ef4d9040c1804
relativetime/narrow/second@1, ar-EG, 1045B, e89ef4d9040c1804
relativetime/narrow/second@1, bn, 570B, c4154b50e51a61a8
relativetime/narrow/second@1, ccp, 609B, c5d9c216601dae04
relativetime/narrow/second@1, en, 468B, e72efdb2dec9098e
relativetime/narrow/second@1, en-001, 480B, b5984a6b5e77aed4
relativetime/narrow/second@1, en-ZA, 480B, b5984a6b5e77aed4
relativetime/narrow/second@1, es, 492B, 899b3ead7e3377ea
relativetime/narrow/second@1, es-AR, 504B, 9fbb03dc9e3fff4f
relativetime/narrow/second@1, fil, 507B, d0585ef0ac63ac7d
relativetime/narrow/second@1, fr, 469B, d4c7f58fa65205e2
relativetime/narrow/second@1, ja, 380B, 5d6c1e31294e0eb5
relativetime/narrow/second@1, ru, 655B, 1b6725f52b623b8a
relativetime/narrow/second@1, sr, 597B, 39b199b1a9c7535f
relativetime/narrow/second@1, sr-Cyrl, 597B, 39b199b1a9c7535f
relativetime/narrow/second@1, sr-Latn, 572B, 7de0a91a06c78aaa
relativetime/narrow/second@1, th, 449B, 86fd93c4ccb4ff2a
relativetime/narrow/second@1, tr, 493B, aecb3f7080f279c0
relativetime/narrow/second@1, und, 374B, e4475e86cd4a777b
relativetime/narrow/week@1, ar, 1147B, 4541171ce1c2f587
relativetime/narrow/week@1, ar-EG, 1147B, 4541171ce1c2f587
relativetime/narrow/week@1, bn, 657B, 26157421ef7241f6
relativetime/narrow/week@1, ccp, 707B, b8fb1e9e02751d3a
relativetime/narrow/week@1, en, 516B, a9511e49e2318809
relativetime/narrow/week@1, en-001, 521B, e38f009a22e3ee4c
relativetime/narrow/week@1, en-ZA, 521B, e38f009a22e3ee4c
relativetime/narrow/week@1, es, 555B, e8c9c93e3b20e84
relativetime/narrow/week@1, es-AR, 555B, c75015ef4ab6773b
relativetime/narrow/week@1, fil, 583B, f697cfa59f5a4259
relativetime/narrow/week@1, fr, 551B, c0eb9410438528a
relativetime/narrow/week@1, ja, 428B, de56a6947d665922
relativetime/narrow/week@1, ru, 768B, 98c559587a2f57f8
relativetime/narrow/week@1, sr, 660B, f57b379f8536f431
relativetime/narrow/week@1, sr-Cyrl, 660B, f57b379f8536f431
relativetime/narrow/week@1, sr-Latn, 622B, 7a2167328b1d2f79
relativetime/narrow/week@1, th, 569B, 1ac056d5435268ee
relativetime/narrow/week@1, tr, 541B, aaa81a8d82666efc
relativetime/narrow/week@1, und, 425B, 1dfe3db1fa9c43b8
relativetime/narrow/year@1, ar, 1099B, 95f5ba1e1dc00e94
relativetime/narrow/year@1, ar-EG, 1099B, 95f5ba1e1dc00e94
relativetime/narrow/year@1, bn, 612B, 928314d96ad56b53
relativetime/narrow/year@1, ccp, 731B, 73bca2e0c3607fda
relativetime/narrow/year@1, en, 516B, 7f4456d3bb1c1633
relativetime/narrow/year@1, en-001, 521B, faa7c23b6399fb4
relativetime/narrow/year@1, en-ZA, 521B, faa7c23b6399fb4
relativetime/narrow/year@1, es, 553B, 5584eab5bc7de6f3
relativetime/narrow/year@1, es-AR, 553B, 5584eab5bc7de6f3
relativetime/narrow/year@1, fil, 569B, 4ac0577ccbc62dbd
relativetime/narrow/year@1, fr, 538B, 6ff6bd0065171ee
relativetime/narrow/year@1, ja, 422B, 3e210dd79f84d59a
relativetime/narrow/year@1, ru, 714B, 4dcf4cf5593640d1
relativetime/narrow/year@1, sr, 660B, 85e1d64995ffd018
relativetime/narrow/year@1, sr-Cyrl, 660B, 85e1d64995ffd018
relativetime/narrow/year@1, sr-Latn, 622B, b978dd6c0a22555b
relativetime/narrow/year@1, th, 494B, 31e8c26a002004b8
relativetime/narrow/year@1, tr, 548B, da4a4d996cb48710
relativetime/narrow/year@1, und, 425B, 7a604578bc7e4265
relativetime/short/day@1, ar, 1103B, bb0f897446c79afb
relativetime/short/day@1, ar-EG, 1103B, bb0f897446c79afb
relativetime/short/day@1, bn, 697B, 3302d8489246d7c
relativetime/short/day@1, ccp, 955B, eb75dd88aad13da
relativetime/short/day@1, en, 528B, 8be19d066f45bba8
relativetime/short/day@1, en-001, 528B, 8be19d066f45bba8
relativetime/short/day@1, en-ZA, 528B, 8be19d066f45bba8
relativetime/short/day@1, es, 577B, b5ed9789db8cdf64
relativetime/short/day@1, es-AR, 593B, e3763464243a6861
relativetime/short/day@1, fil, 620B, b3517b9695f8bff5
relativetime/short/day@1, fr, 583B, 52fb1ec904b50f0d
relativetime/short/day@1, ja, 469B, c99ae73149afd998
relativetime/short/day@1, ru, 881B, f1345d56954bc204
relativetime/short/day@1, sr, 707B, 555055d33415b2bf
relativetime/short/day@1, sr-Cyrl, 707B, 555055d33415b2bf
relativetime/short/day@1, sr-Latn, 656B, 8b77ed1c156bec23
relativetime/short/day@1, th, 590B, de7803ded3eda4ad
relativetime/short/day@1, tr, 584B, de6c2b2bbdb93313
relativetime/short/day@1, und, 420B, a23b2b7933f1e859
relativetime/short/hour@1, ar, 1044B, 441834fbbde02d4b
relativetime/short/hour@1, ar-EG, 1044B, 441834fbbde02d4b
relativetime/short/hour@1, bn, 571B, 6648b4aa6b711e1
relativetime/short/hour@1, ccp, 618B, 882cda885d881b9
relativetime/short/hour@1, en, 486B, 15cd876343bb2fd6
relativetime/short/hour@1, en-001, 482B, aaa8f513122e4624
relativetime/short/hour@1, en-ZA, 482B, aaa8f513122e4624
relativetime/short/hour@1, es, 496B, c15b31a7cfb1b343
relativetime/short/hour@1, es-AR, 496B, c15b31a7cfb1b343
relativetime/short/hour@1, fil, 518B, 45138f3664d00e48
relativetime/short/hour@1, fr, 497B, 7ba68b76e9b7a484
relativetime/short/hour@1, ja, 399B, 601d0bc6bc8d4bde
relativetime/short/hour@1, ru, 745B, 3246f7a944fbc36
relativetime/short/hour@1, sr, 606B, b3dde77d64a370d5
relativetime/short/hour@1, sr-Cyrl, 606B, b3dde77d64a370d5
relativetime/short/hour@1, sr-Latn, 583B, c3ff00aed6e82337
relativetime/short/hour@1, th, 440B, ffb98707266facc8
relativetime/short/hour@1, tr, 494B, 42afc7973f025d19
relativetime/short/hour@1, und, 380B, 4f2449c6f391a8df
relativetime/short/minute@1, ar, 1058B, dc0c43cfb8da86ad
relativetime/short/minute@1, ar-EG, 1058B, dc0c43cfb8da86ad
relativetime/short/minute@1, bn, 559B, 9d46153fc0e384bb
relativetime/short/minute@1, ccp, 614B, 872fadcefca89b28
relativetime/short/minute@1, en, 492B, ad239b8d98489822
relativetime/short/minute@1, en-001, 488B, 9fae7d266d8bd1f
relativetime/short/minute@1, en-ZA, 488B, 9fae7d266d8bd1f
relativetime/short/minute@1, es, 506B, f0820a6056f15dfe
relativetime/short/minute@1, es-AR, 506B, f0820a6056f15dfe
relativetime/short/minute@1, fil, 516B, a85050c27e2a6c03
relativetime/short/minute@1, fr, 506B, 7b03baeeb3a46bf2
relativetime/short/minute@1, ja, 390B, c0b05ff1ea9870e5
relativetime/short/minute@1, ru, 789B, b64b134fc8c6ee30
relativetime/short/minute@1, sr, 634B, b0f5e6c43f41a88a
relativetime/short/minute@1, sr-Cyrl, 634B, b0f5e6c43f41a88a
relativetime/short/minute@1, sr-Latn, 591B, 98ef65436ec2c871
relativetime/short/minute@1, th, 440B, 1cb0f1adba5d420e
relativetime/short/minute@1, tr, 496B, a6e7c489e3d0a883
relativetime/short/minute@1, und, 386B, 78cc505fa021b294
relativetime/short/month@1, ar, 1089B, 8d5445e55ef2df63
relativetime/short/month@1, ar-EG, 1089B, 8d5445e55ef2df63
relativetime/short/month@1, bn, 594B, b2e8b6635730fb5c
relativetime/short/month@1, ccp, 647B, 13ff6636ed5e56a
relativetime/short/month@1, en, 528B, 7f5c0161709cd2ba
relativetime/short/month@1, en-001, 521B, 9629450e1df1050e
relativetime/short/month@1, en-ZA, 521B, 9629450e1df1050e
relativetime/short/month@1, es, 550B, c83039309eff6a7c
relativetime/short/month@1, es-AR, 550B, c83039309eff6a7c
relativetime/short/month@1, fil, 576B, cf8ec442751c8c4b
relativetime/short/month@1, fr, 551B, 3be8aabefc871d19
relativetime/short/month@1, ja, 430B, 9b26a99332fb94d8
relativetime/short/month@1, ru, 867B, bd634ff8708f50e2
relativetime/short/month@1, sr, 702B, d2f4d78881037ac0
relativetime/short/month@1, sr-Cyrl, 702B, d2f4d78881037ac0
relativetime/short/month@1, sr-Latn, 643B, 810b4e6107847dfb
relativetime/short/month@1, th, 539B, aeb56d197f4cbaa0
relativetime/short/month@1, tr, 534B, 50b078ff6299827b
relativetime/short/month@1, und, 428B, bf6c6a67f4ab013f
relativetime/short/quarter@1, ar, 1163B, 9c79b128322b5a6d
relativetime/short/quarter@1, ar-EG, 1163B, 9c79b128322b5a6d
relativetime/short/quarter@1, bn, 720B, 32ff95755e88561d
relativetime/short/quarter@1, ccp, 798B, f3154adf895a1086
relativetime/short/quarter@1, en, 537B, 33e640c187861ffa
relativetime/short/quarter@1, en-001, 531B, d808690c1c9ba28d
relativetime/short/quarter@1, en-ZA, 531B, d808690c1c9ba28d
relativetime/short/quarter@1, es, 584B, 4a205e47d73e5cf
relativetime/short/quarter@1, es-AR, 584B, 4a205e47d73e5cf
relativetime/short/quarter@1, fil, 590B, 8ceb81660ee8bd05
relativetime/short/quarter@1, fr, 575B, 950ff3d82e239b31
relativetime/short/quarter@1, ja, 454B, 5cdf29576e1da125
relativetime/short/quarter@1, ru, 846B, 86714141834505ca
relativetime/short/quarter@1, sr, 717B, 4567cc84bea6e706
relativetime/short/quarter@1, sr-Cyrl, 717B, 4567cc84bea6e706
relativetime/short/quarter@1, sr-Latn, 649B, fef5595e448793a3
relativetime/short/quarter@1, th, 554B, e32540040271a339
relativetime/short/quarter@1, tr, 555B, 8a459783860724ce
relativetime/short/quarter@1, und, 434B, 5f7c7a17e2fe5f6a
relativetime/short/second@1, ar, 1045B, e89ef4d9040c1804
relativetime/short/second@1, ar-EG, 1045B, e89ef4d9040c1804
relativetime/short/second@1, bn, 588B, ea063753310e2c83
relativetime/short/second@1, ccp, 617B, 2b6c227a5d4b622c
relativetime/short/second@1, en, 484B, cd229f7dc33e3c1f
relativetime/short/second@1, en-001, 480B, b5984a6b5e77aed4
relativetime/short/second@1, en-ZA, 480B, b5984a6b5e77aed4
relativetime/short/second@1, es, 492B, 899b3ead7e3377ea
relativetime/short/second@1, es-AR, 504B, 9fbb03dc9e3fff4f
relativetime/short/second@1, fil, 507B, d0585ef0ac63ac7d
relativetime/short/second@1, fr, 493B, f6f2ea9769d1cc3b
relativetime/short/second@1, ja, 382B, d916453db107b061
relativetime/short/second@1, ru, 783B, 3d25f7217dba3f40
relativetime/short/second@1, sr, 621B, 6968fcd740e29445
relativetime/short/second@1, sr-Cyrl, 621B, 6968fcd740e29445
relativetime/short/second@1, sr-Latn, 584B, 578afffccf77515b
relativetime/short/second@1, th, 449B, 86fd93c4ccb4ff2a
relativetime/short/second@1, tr, 493B, aecb3f7080f279c0
relativetime/short/second@1, und, 374B, e4475e86cd4a777b
relativetime/short/week@1, ar, 1146B, b0c9f220773815e1
relativetime/short/week@1, ar-EG, 1146B, b0c9f220773815e1
relativetime/short/week@1, bn, 657B, 26157421ef7241f6
relativetime/short/week@1, ccp, 691B, d9056ac8056dcaa
relativetime/short/week@1, en, 528B, 52080ec89692c669
relativetime/short/week@1, en-001, 521B, e38f009a22e3ee4c
relativetime/short/week@1, en-ZA, 521B, e38f009a22e3ee4c
relativetime/short/week@1, es, 555B, e8c9c93e3b20e84
relativetime/short/week@1, es-AR, 555B, c75015ef4ab6773b
relativetime/short/week@1, fil, 588B, 589b187dddab7900
relativetime/short/week@1, fr, 571B, 34d66ef8be324423
relativetime/short/week@1, ja, 430B, 85963d14d7df5ab3
relativetime/short/week@1, ru, 873B, 4668afb493383e6c
relativetime/short/week@1, sr, 696B, 8a84b8e694267ad6
relativetime/short/week@1, sr-Cyrl, 696B, 8a84b8e694267ad6
relativetime/short/week@1, sr-Latn, 640B, 381c5bdd82760ab
relativetime/short/week@1, th, 569B, 1ac056d5435268ee
relativetime/short/week@1, tr, 541B, aaa81a8d82666efc
relativetime/short/week@1, und, 425B, 1dfe3db1fa9c43b8
relativetime/short/year@1, ar, 1099B, 95f5ba1e1dc00e94
relativetime/short/year@1, ar-EG, 1099B, 95f5ba1e1dc00e94
relativetime/short/year@1, bn, 612B, 928314d96ad56b53
relativetime/short/year@1, ccp, 731B, 73bca2e0c3607fda
relativetime/short/year@1, en, 528B, d3090b253d02cc07
relativetime/short/year@1, en-001, 521B, faa7c23b6399fb4
relativetime/short/year@1, en-ZA, 521B, faa7c23b6399fb4
relativetime/short/year@1, es, 553B, 5584eab5bc7de6f3
relativetime/short/year@1, es-AR, 553B, 5584eab5bc7de6f3
relativetime/short/year@1, fil, 569B, 4ac0577ccbc62dbd
relativetime/short/year@1, fr, 558B, c6c93e9da13e60d7
relativetime/short/year@1, ja, 424B, c83dc62ac513a289
relativetime/short/year@1, ru, 814B, e3949d0067ac8036
relativetime/short/year@1, sr, 696B, e2f375d9874ee0ab
relativetime/short/year@1, sr-Cyrl, 696B, e2f375d9874ee0ab
relativetime/short/year@1, sr-Latn, 640B, 7e4fd5f603ae3073
relativetime/short/year@1, th, 494B, 31e8c26a002004b8
relativetime/short/year@1, tr, 548B, da4a4d996cb48710
relativetime/short/year@1, und, 425B, 7a604578bc7e4265
segmenter/dictionary/w_auto@1, ja, 10339429B, 9a826afb1bdef0f1
segmenter/dictionary/wl_ext@1, th, 1078279B, d814552fc6a8dfcb
segmenter/grapheme@1, und, 66905B, 445a7c30c1bbfd6d
segmenter/line@1, und, 154390B, e82b791244d546e7
segmenter/lstm/wl_auto@1, th, 361075B, c0c627d25a7d72bf
segmenter/sentence@1, und, 109564B, 9b71678f3be4f07f
segmenter/word@1, und, 113449B, 1103532d45a51419
time_zone/exemplar_cities@1, ar, 12513B, 40d4e7d38c2e9cf5
time_zone/exemplar_cities@1, ar-EG, 12513B, 40d4e7d38c2e9cf5
time_zone/exemplar_cities@1, bn, 17309B, 877d5071f386c12a
time_zone/exemplar_cities@1, ccp, 20690B, f6e40986d6dc9dea
time_zone/exemplar_cities@1, en, 9921B, eaabe5bf87657817
time_zone/exemplar_cities@1, en-001, 9914B, 4f04bdbaf6e884bb
time_zone/exemplar_cities@1, en-ZA, 9914B, 4f04bdbaf6e884bb
time_zone/exemplar_cities@1, es, 10048B, 297cbaeb90f91d17
time_zone/exemplar_cities@1, es-AR, 10054B, 85bfa537b235e0d8
time_zone/exemplar_cities@1, fil, 9954B, 20198d71c730431
time_zone/exemplar_cities@1, fr, 10103B, d94eca9b14b3c7bc
time_zone/exemplar_cities@1, ja, 13199B, 13ccdada832f1a69
time_zone/exemplar_cities@1, ru, 13174B, 11b3fa42a9a199b6
time_zone/exemplar_cities@1, sr, 12988B, 156b986ab3348a18
time_zone/exemplar_cities@1, sr-Cyrl, 12988B, 156b986ab3348a18
time_zone/exemplar_cities@1, sr-Latn, 9866B, 862fdb2b078d348
time_zone/exemplar_cities@1, th, 17008B, 1b8446765e3963c6
time_zone/exemplar_cities@1, tr, 9948B, c1ecbb6f3466e3cf
time_zone/exemplar_cities@1, und, 9905B, ce9c4cac90bb18a
time_zone/formats@1, ar, 359B, 365c99530ee3a497
time_zone/formats@1, ar-EG, 359B, 365c99530ee3a497
time_zone/formats@1, bn, 357B, b5796b9e3757806a
time_zone/formats@1, ccp, 432B, a5a8dfc6e40efbc7
time_zone/formats@1, en, 315B, 306751a2a719b273
time_zone/formats@1, en-001, 315B, 306751a2a719b273
time_zone/formats@1, en-ZA, 315B, 306751a2a719b273
time_zone/formats@1, es, 332B, 2bca5c93971c976e
time_zone/formats@1, es-AR, 326B, e923218f2aa39cd1
time_zone/formats@1, fil, 327B, 95418b5110473a6d
time_zone/formats@1, fr, 327B, e2f447545d0bfede
time_zone/formats@1, ja, 309B, a8fcc565ff78f527
time_zone/formats@1, ru, 342B, 2fb08edfe99049f4
time_zone/formats@1, sr, 338B, 39b03db44dd15a2b
time_zone/formats@1, sr-Cyrl, 338B, 39b03db44dd15a2b
time_zone/formats@1, sr-Latn, 314B, 10dc4972f4bec29b
time_zone/formats@1, th, 357B, a79a884aca152646
time_zone/formats@1, tr, 313B, 6bf67b619d8f56d7
time_zone/formats@1, und, 292B, 357c1a2c39ddb187
time_zone/generic_long@1, ar, 6958B, 429ce961a9ffa4d4
time_zone/generic_long@1, ar-EG, 6958B, 429ce961a9ffa4d4
time_zone/generic_long@1, bn, 9494B, 20929fd6ab5e9094
time_zone/generic_long@1, ccp, 13116B, 951e8a46351c19e7
time_zone/generic_long@1, en, 5058B, 7f1b5de82e430dee
time_zone/generic_long@1, en-001, 5057B, ccfbfb76d1e949ba
time_zone/generic_long@1, en-ZA, 5057B, ccfbfb76d1e949ba
time_zone/generic_long@1, es, 5629B, 381393e92822a766
time_zone/generic_long@1, es-AR, 5593B, 17d63e8831089499
time_zone/generic_long@1, fil, 5333B, 44611ed617b9ab9b
time_zone/generic_long@1, fr, 5953B, c45d79e673ba9ebc
time_zone/generic_long@1, ja, 6275B, 7b44f5fb10f4f0fa
time_zone/generic_long@1, ru, 6227B, dd004900ac0e9cbe
time_zone/generic_long@1, sr, 7738B, 62fdbcc1307a0e06
time_zone/generic_long@1, sr-Cyrl, 7738B, 62fdbcc1307a0e06
time_zone/generic_long@1, sr-Latn, 5334B, 3f057304763fd3cb
time_zone/generic_long@1, th, 9540B, a53063554425ae77
time_zone/generic_long@1, tr, 5291B, 7905178ad5924e5a
time_zone/generic_long@1, und, 40B, 3f0880994df8dd0f
time_zone/generic_short@1, ar, 81B, 29db75d29db2db99
time_zone/generic_short@1, ar-EG, 81B, 29db75d29db2db99
time_zone/generic_short@1, bn, 81B, a68babdb1f0a7188
time_zone/generic_short@1, ccp, 81B, a68babdb1f0a7188
time_zone/generic_short@1, en, 229B, 2eb66a23ad8466bf
time_zone/generic_short@1, en-001, 81B, 4c56c0eb8a00c5ef
time_zone/generic_short@1, en-ZA, 158B, afa6f31c00dbe38b
time_zone/generic_short@1, es, 138B, a4b2548c5cbaee3d
time_zone/generic_short@1, es-AR, 101B, c137d26742ab9b91
time_zone/generic_short@1, fil, 60B, f2684ef71a14efa
time_zone/generic_short@1, fr, 60B, f2684ef71a14efa
time_zone/generic_short@1, ja, 81B, 936e83e9a37ec75d
time_zone/generic_short@1, ru, 60B, f2684ef71a14efa
time_zone/generic_short@1, sr, 138B, a4b2548c5cbaee3d
time_zone/generic_short@1, sr-Cyrl, 138B, a4b2548c5cbaee3d
time_zone/generic_short@1, sr-Latn, 138B, a4b2548c5cbaee3d
time_zone/generic_short@1, th, 60B, f2684ef71a14efa
time_zone/generic_short@1, tr, 60B, f2684ef71a14efa
time_zone/generic_short@1, und, 60B, f2684ef71a14efa
time_zone/metazone_period@1, und, 20485B, 63f36c3252f47b76
time_zone/specific_long@1, ar, 16042B, 49cfd1546ed410f
time_zone/specific_long@1, ar-EG, 16042B, 49cfd1546ed410f
time_zone/specific_long@1, bn, 21434B, 88990c7fb87e7125
time_zone/specific_long@1, ccp, 28330B, 2ac32c1472705520
time_zone/specific_long@1, en, 12496B, 57f110025963a0d6
time_zone/specific_long@1, en-001, 12494B, 878f0725e712929a
time_zone/specific_long@1, en-ZA, 12494B, 878f0725e712929a
time_zone/specific_long@1, es, 13597B, 5561ceba8c5078f2
time_zone/specific_long@1, es-AR, 13547B, 6c5a2d556cdba02a
time_zone/specific_long@1, fil, 13187B, 95ebe9988ea774f4
time_zone/specific_long@1, fr, 13902B, 15e1183142fb9147
time_zone/specific_long@1, ja, 13551B, d25bdebf6d6d56f7
time_zone/specific_long@1, ru, 17907B, 5fc1077a9c98d036
time_zone/specific_long@1, sr, 18488B, 72dbf114e29b3ff4
time_zone/specific_long@1, sr-Cyrl, 18488B, 72dbf114e29b3ff4
time_zone/specific_long@1, sr-Latn, 13382B, dcbad0953162d372
time_zone/specific_long@1, th, 21970B, fa82176d3e0ed5e6
time_zone/specific_long@1, tr, 12562B, a9bd4a94513a2379
time_zone/specific_long@1, und, 40B, 3f0880994df8dd0f
time_zone/specific_short@1, ar, 121B, 6354c0e05a268914
time_zone/specific_short@1, ar-EG, 121B, 6354c0e05a268914
time_zone/specific_short@1, bn, 121B, f9322054dca74ca8
time_zone/specific_short@1, ccp, 121B, f9322054dca74ca8
time_zone/specific_short@1, en, 590B, 76ae90a851b4d567
time_zone/specific_short@1, en-001, 121B, bd6e648acbdaa58e
time_zone/specific_short@1, en-ZA, 298B, 5fa37529ca5121f4
time_zone/specific_short@1, es, 298B, cfc2f54cc8065a3f
time_zone/specific_short@1, es-AR, 202B, f2eef644f63d0824
time_zone/specific_short@1, fil, 80B, 9998de2edc81093
time_zone/specific_short@1, fr, 80B, 9998de2edc81093
time_zone/specific_short@1, ja, 140B, 71496bb803936180
time_zone/specific_short@1, ru, 80B, 9998de2edc81093
time_zone/specific_short@1, sr, 298B, cfc2f54cc8065a3f
time_zone/specific_short@1, sr-Cyrl, 298B, cfc2f54cc8065a3f
time_zone/specific_short@1, sr-Latn, 298B, cfc2f54cc8065a3f
time_zone/specific_short@1, th, 80B, 9998de2edc81093
time_zone/specific_short@1, tr, 80B, 9998de2edc81093
time_zone/specific_short@1, und, 80B, 9998de2edc81093
