locale/aliases/v1, <singleton>, 8474B, 8022B, fc4ed52f228a3e29
locale/exemplar/characters/auxiliary/v1, <lookup>, 824B, 168 identifiers
locale/exemplar/characters/auxiliary/v1, <total>, 34390B, 26427B, 148 unique payloads
locale/exemplar/characters/auxiliary/v1, af, 92B, 38B, ae09150252a2a416
locale/exemplar/characters/auxiliary/v1, ak, 134B, 80B, 3590dbafc28c9a16
locale/exemplar/characters/auxiliary/v1, ar, 128B, 74B, f1ac97bbcec6caf4
locale/exemplar/characters/auxiliary/v1, ar-MA, 134B, 80B, 4f995e11ac4f417a
locale/exemplar/characters/auxiliary/v1, as, 80B, 26B, f67c7a0b260ffd71
locale/exemplar/characters/auxiliary/v1, ast, 206B, 153B, 780f438cdcdca814
locale/exemplar/characters/auxiliary/v1, az, 62B, 8B, 1dc00b308d600687
locale/exemplar/characters/auxiliary/v1, bal-Latn, 62B, 8B, a61c2bea10d514e
locale/exemplar/characters/auxiliary/v1, be, 116B, 62B, beacbbed78540a54
locale/exemplar/characters/auxiliary/v1, bg, 128B, 74B, cf9bdf1df9ef839c
locale/exemplar/characters/auxiliary/v1, bgc, 62B, 8B, 6941ee8c314a93eb
locale/exemplar/characters/auxiliary/v1, bho, 74B, 20B, 71b5b471be80581d
locale/exemplar/characters/auxiliary/v1, blo, 508B, 456B, 7d97174783f2204e
locale/exemplar/characters/auxiliary/v1, bn, 68B, 14B, fadc15acfc6142e7
locale/exemplar/characters/auxiliary/v1, br, 176B, 122B, 6ad2434366be6ed2
locale/exemplar/characters/auxiliary/v1, brx, 62B, 8B, 3810989ab42aacf2
locale/exemplar/characters/auxiliary/v1, bs, 68B, 14B, c397d6c8f79c7390
locale/exemplar/characters/auxiliary/v1, bua, 110B, 56B, b0e7b8eaacce8e16
locale/exemplar/characters/auxiliary/v1, ca, 188B, 135B, 46eb8e3b30c93c87
locale/exemplar/characters/auxiliary/v1, ceb, 104B, 50B, f35db5521976e660
locale/exemplar/characters/auxiliary/v1, cs, 200B, 147B, 3eb621d0bf371071
locale/exemplar/characters/auxiliary/v1, csw, 62B, 8B, b28aac99d4acccc8
locale/exemplar/characters/auxiliary/v1, cv, -> bua
locale/exemplar/characters/auxiliary/v1, cy, 176B, 122B, e3f70f31e2a13c38
locale/exemplar/characters/auxiliary/v1, da, 122B, 68B, 4bc6f1c62c027200
locale/exemplar/characters/auxiliary/v1, de, 170B, 116B, 6220b9c5064acd60
locale/exemplar/characters/auxiliary/v1, doi, 80B, 26B, f6c2cc496a58616
locale/exemplar/characters/auxiliary/v1, dsb, 260B, 207B, 5cc7ab7e0c7c46c3
locale/exemplar/characters/auxiliary/v1, ee, 176B, 122B, e382b145f504f39d
locale/exemplar/characters/auxiliary/v1, el, 182B, 128B, cba4f70a8470cde4
locale/exemplar/characters/auxiliary/v1, el-polyton, 56B, 2B, 3a6d9523170345d0
locale/exemplar/characters/auxiliary/v1, en, 152B, 98B, 6df7c1a9a3165259
locale/exemplar/characters/auxiliary/v1, en-ZA, 194B, 141B, bdce8a8f22a03313
locale/exemplar/characters/auxiliary/v1, eo, -> bs
locale/exemplar/characters/auxiliary/v1, es, 200B, 147B, fc6e5f48f06e6d5e
locale/exemplar/characters/auxiliary/v1, et, 122B, 68B, d43a3ae97c8d3baf
locale/exemplar/characters/auxiliary/v1, eu, 158B, 104B, c00dc5409c7ba8cc
locale/exemplar/characters/auxiliary/v1, fa, 110B, 56B, 1010ba058422d407
locale/exemplar/characters/auxiliary/v1, fa-AF, 158B, 104B, 6daee1926b447f39
locale/exemplar/characters/auxiliary/v1, ff-Adlm, 62B, 8B, 760fd05896fbf187
locale/exemplar/characters/auxiliary/v1, fi, 380B, 327B, 39e18e11ff805e3b
locale/exemplar/characters/auxiliary/v1, fil, 86B, 32B, 811f2181881a2c0f
locale/exemplar/characters/auxiliary/v1, fo, 80B, 26B, cd77ff7721241ce8
locale/exemplar/characters/auxiliary/v1, fr, 158B, 104B, d5b6c75638d1c84c
locale/exemplar/characters/auxiliary/v1, fr-CA, 122B, 68B, fd26fbdfd5b35f2c
locale/exemplar/characters/auxiliary/v1, fy, 74B, 20B, 56a86d19a370a6a4
locale/exemplar/characters/auxiliary/v1, ga, 134B, 80B, 4c9169f575f90f4e
locale/exemplar/characters/auxiliary/v1, gaa, 98B, 44B, dd23baf0faa8f2ca
locale/exemplar/characters/auxiliary/v1, gd, 266B, 213B, 7b4a5dc8d02a0833
locale/exemplar/characters/auxiliary/v1, gl, 188B, 135B, 8bc374588c5c32e
locale/exemplar/characters/auxiliary/v1, gu, 68B, 14B, 1b5f4655d68cae5f
locale/exemplar/characters/auxiliary/v1, ha, 109B, 55B, 98d2c6f96b1b20f1
locale/exemplar/characters/auxiliary/v1, ha-NE, 114B, 60B, c3d415c805e396aa
locale/exemplar/characters/auxiliary/v1, he, 98B, 44B, 7207d7c671d33abd
locale/exemplar/characters/auxiliary/v1, hi, 68B, 14B, 441d47f4e15d32e4
locale/exemplar/characters/auxiliary/v1, hi-Latn, 186B, 132B, bf37d9b7491fa010
locale/exemplar/characters/auxiliary/v1, hr, -> bs
locale/exemplar/characters/auxiliary/v1, hsb, 272B, 219B, 34172ed38ad3c27d
locale/exemplar/characters/auxiliary/v1, ht, 62B, 8B, c74a4ebb13587b6e
locale/exemplar/characters/auxiliary/v1, hu, 188B, 135B, d3c92d029bace7f9
locale/exemplar/characters/auxiliary/v1, hy, 62B, 8B, 1cba109a3e9961bd
locale/exemplar/characters/auxiliary/v1, ia, -> en
locale/exemplar/characters/auxiliary/v1, id, -> en
locale/exemplar/characters/auxiliary/v1, ie, 192B, 138B, cea3d6a9969bb168
locale/exemplar/characters/auxiliary/v1, ig, 199B, 145B, e8497eeb48f60d2f
locale/exemplar/characters/auxiliary/v1, ii, 62B, 8B, ca166e9a533c6144
locale/exemplar/characters/auxiliary/v1, is, 80B, 26B, e7af430610c5c8c0
locale/exemplar/characters/auxiliary/v1, it, 128B, 74B, 3b0f9666cea8cb58
locale/exemplar/characters/auxiliary/v1, ja, 506B, 453B, b64d1c9ad1f9ed5b
locale/exemplar/characters/auxiliary/v1, jv, 86B, 32B, 86b93dab5644ffd8
locale/exemplar/characters/auxiliary/v1, ka, 68B, 14B, 16329f2eb0e013e8
locale/exemplar/characters/auxiliary/v1, kea, 209B, 156B, 97e46b0e1772c65b
locale/exemplar/characters/auxiliary/v1, kgp, 236B, 183B, d56e9ea2278ad1f6
locale/exemplar/characters/auxiliary/v1, km, 92B, 38B, fe839bf242708eab
locale/exemplar/characters/auxiliary/v1, kn, 68B, 14B, 198c108919c267dd
locale/exemplar/characters/auxiliary/v1, ko, 4448B, 4395B, 8b842dbbc0eade0e
locale/exemplar/characters/auxiliary/v1, kok, -> hi
locale/exemplar/characters/auxiliary/v1, kok-Latn, 170B, 116B, d929fbdf54ccc7db
locale/exemplar/characters/auxiliary/v1, ks, 86B, 32B, a1b30a2aef8e3f7d
locale/exemplar/characters/auxiliary/v1, ks-Deva, -> brx
locale/exemplar/characters/auxiliary/v1, ku, 164B, 110B, 48f4cc0622261c57
locale/exemplar/characters/auxiliary/v1, ky, 86B, 32B, ec0970fc28e9c4ce
locale/exemplar/characters/auxiliary/v1, lb, 188B, 135B, 70a928b31a10731d
locale/exemplar/characters/auxiliary/v1, lij, 80B, 26B, 9a0d58688200b527
locale/exemplar/characters/auxiliary/v1, lmo, -> en
locale/exemplar/characters/auxiliary/v1, lo, 68B, 14B, 634541e26d663ae8
locale/exemplar/characters/auxiliary/v1, lt, 277B, 224B, e8aa8c391a1fd644
locale/exemplar/characters/auxiliary/v1, lv, 80B, 26B, 2ea375bb87a8f4f8
locale/exemplar/characters/auxiliary/v1, mai, 96B, 42B, 95bbfd538ab2a4f3
locale/exemplar/characters/auxiliary/v1, mi, 104B, 50B, 8e805e2e66d4d
locale/exemplar/characters/auxiliary/v1, mk, 68B, 14B, 85a18daec7993f0a
locale/exemplar/characters/auxiliary/v1, ml, 116B, 62B, 7465c74a3b53b9c3
locale/exemplar/characters/auxiliary/v1, mn, 80B, 26B, a278be5e126b9822
locale/exemplar/characters/auxiliary/v1, mni, -> brx
locale/exemplar/characters/auxiliary/v1, mr, 92B, 38B, 955f7d68bfbc271b
locale/exemplar/characters/auxiliary/v1, mt, 68B, 14B, ccdbc1bfe4754566
locale/exemplar/characters/auxiliary/v1, my, 134B, 80B, c89b7be8058544fc
locale/exemplar/characters/auxiliary/v1, nds, 158B, 104B, 377d7b1915872fbd
locale/exemplar/characters/auxiliary/v1, nds-NL, 92B, 38B, b3dc74c93ece68e6
locale/exemplar/characters/auxiliary/v1, ne, -> hi
locale/exemplar/characters/auxiliary/v1, nl, 128B, 74B, 220d7818c48bec7c
locale/exemplar/characters/auxiliary/v1, no, 158B, 104B, f4c83c96a5890a4a
locale/exemplar/characters/auxiliary/v1, nqo, 62B, 8B, bd9e3bc82554ab16
locale/exemplar/characters/auxiliary/v1, nso, 80B, 26B, 2b605d49126d7eed
locale/exemplar/characters/auxiliary/v1, oc, 176B, 122B, b69847bb30fb508e
locale/exemplar/characters/auxiliary/v1, or, -> brx
locale/exemplar/characters/auxiliary/v1, pa, 68B, 14B, cc973368a8178922
locale/exemplar/characters/auxiliary/v1, pcm, 118B, 64B, 6be0be5d8005e9a7
locale/exemplar/characters/auxiliary/v1, pl, 134B, 80B, 4c1e2addf3d6da11
locale/exemplar/characters/auxiliary/v1, pms, 62B, 8B, 27ce4849123595b
locale/exemplar/characters/auxiliary/v1, ps, 68B, 14B, e1a3ae75a2d109b7
locale/exemplar/characters/auxiliary/v1, ps-PK, 62B, 8B, 54c25bf53197b507
locale/exemplar/characters/auxiliary/v1, pt, 188B, 135B, 6078d405c74fa70
locale/exemplar/characters/auxiliary/v1, qu, 207B, 154B, 5710f5b585971c85
locale/exemplar/characters/auxiliary/v1, raj, 74B, 20B, 8217c79bb7f68833
locale/exemplar/characters/auxiliary/v1, rm, 182B, 128B, 52a9e36bd57f0492
locale/exemplar/characters/auxiliary/v1, ro, 104B, 50B, 27c28dc6e974f2d5
locale/exemplar/characters/auxiliary/v1, ru, -> bua
locale/exemplar/characters/auxiliary/v1, sa, 86B, 32B, 3140c592bb2cbb52
locale/exemplar/characters/auxiliary/v1, sah, 104B, 50B, 63a4fea00d15f4b3
locale/exemplar/characters/auxiliary/v1, sc, 146B, 92B, d6580ff326918f58
locale/exemplar/characters/auxiliary/v1, scn, 110B, 56B, 45834657a9c0ab23
locale/exemplar/characters/auxiliary/v1, sd, 68B, 14B, 1eb306fb90c95356
locale/exemplar/characters/auxiliary/v1, sd-Deva, -> brx
locale/exemplar/characters/auxiliary/v1, shn, 92B, 38B, fd18d39934357151
locale/exemplar/characters/auxiliary/v1, si, 80B, 26B, 3c09f7e1ddac1f5a
locale/exemplar/characters/auxiliary/v1, sk, 200B, 147B, a49f72ff39cb55e
locale/exemplar/characters/auxiliary/v1, sl, 182B, 128B, 8ba8e97573e8d01
locale/exemplar/characters/auxiliary/v1, so, 92B, 38B, 69f6d7dc450acbe2
locale/exemplar/characters/auxiliary/v1, sq, -> az
locale/exemplar/characters/auxiliary/v1, sr, 86B, 32B, 814ff67f014ffd9b
locale/exemplar/characters/auxiliary/v1, sr-Latn, 74B, 20B, 3125e9c7042ee0b8
locale/exemplar/characters/auxiliary/v1, st, 80B, 26B, f7ef0c8c6715144f
locale/exemplar/characters/auxiliary/v1, su, 158B, 104B, 3d6dbaaeb4bc831f
locale/exemplar/characters/auxiliary/v1, sv, 128B, 74B, b6e85b38fae88419
locale/exemplar/characters/auxiliary/v1, sw, 74B, 20B, 740058d196c109b1
locale/exemplar/characters/auxiliary/v1, sw-CD, 68B, 14B, d3b4c70aab71a0d2
locale/exemplar/characters/auxiliary/v1, syr, 80B, 26B, 14fa248db7ae633b
locale/exemplar/characters/auxiliary/v1, szl, 248B, 195B, 5f2fb117c9c1f9d4
locale/exemplar/characters/auxiliary/v1, ta, -> brx
locale/exemplar/characters/auxiliary/v1, te, 68B, 14B, c563be76b4dd5d2a
locale/exemplar/characters/auxiliary/v1, tg, 74B, 20B, ed4e80e4896838c6
locale/exemplar/characters/auxiliary/v1, th, 62B, 8B, c016c0a522459fd9
locale/exemplar/characters/auxiliary/v1, ti, 176B, 122B, 5698cc4e1ce330f1
locale/exemplar/characters/auxiliary/v1, tk, 80B, 26B, 9d3fc180a1d25f95
locale/exemplar/characters/auxiliary/v1, tn, 86B, 32B, bc7df20e72289094
locale/exemplar/characters/auxiliary/v1, to, 188B, 135B, 82695db9a9bd9524
locale/exemplar/characters/auxiliary/v1, tr, 164B, 110B, 5651d2656e57217d
locale/exemplar/characters/auxiliary/v1, tt, 68B, 14B, 317b26949d06fa09
locale/exemplar/characters/auxiliary/v1, ug, 68B, 14B, 5a174a4f53ecb9d2
locale/exemplar/characters/auxiliary/v1, uk, 134B, 80B, 6759db25e6f14d30
locale/exemplar/characters/auxiliary/v1, und, -> el-polyton
locale/exemplar/characters/auxiliary/v1, ur, 134B, 80B, 77bd445e2b3e525a
locale/exemplar/characters/auxiliary/v1, uz, 164B, 110B, c0350eee7d9ad235
locale/exemplar/characters/auxiliary/v1, uz-Cyrl, -> tg
locale/exemplar/characters/auxiliary/v1, vec, 169B, 115B, 273f65a00b08baf8
locale/exemplar/characters/auxiliary/v1, vi, 80B, 26B, d79ae4b119f7cbef
locale/exemplar/characters/auxiliary/v1, vmw, 80B, 26B, abd31a55de94baa9
locale/exemplar/characters/auxiliary/v1, wo, 80B, 26B, c5cb391cacc0914d
locale/exemplar/characters/auxiliary/v1, xh, -> en
locale/exemplar/characters/auxiliary/v1, xnr, 62B, 8B, 4ffd652e0e38d4a8
locale/exemplar/characters/auxiliary/v1, yo, -> tn
locale/exemplar/characters/auxiliary/v1, yrl, 224B, 171B, a50e0892df5f7dc0
locale/exemplar/characters/auxiliary/v1, yue, 374B, 321B, 72559cf78bbdbcff
locale/exemplar/characters/auxiliary/v1, yue-Hans, 374B, 321B, b586017ffccc55b4
locale/exemplar/characters/auxiliary/v1, zh, 7934B, 7881B, b3aa6d9c6dc9b5fc
locale/exemplar/characters/auxiliary/v1, zh-Hant, 2924B, 2871B, 6c9978e80b4fde3
locale/exemplar/characters/auxiliary/v1, zu, -> en
locale/exemplar/characters/index/v1, <lookup>, 690B, 146 identifiers
locale/exemplar/characters/index/v1, <total>, 13345B, 7193B, 114 unique payloads
locale/exemplar/characters/index/v1, af, 62B, 8B, e5424e495f6a6037
locale/exemplar/characters/index/v1, ak, 74B, 20B, 5c90d94fee1b7d62
locale/exemplar/characters/index/v1, am, 284B, 231B, 363ff8bb95e65821
locale/exemplar/characters/index/v1, ar, 80B, 26B, 9215ab4736770b09
locale/exemplar/characters/index/v1, as, 116B, 62B, 5ad18c7623385d03
locale/exemplar/characters/index/v1, ast, 80B, 26B, e6ae12a6f3a2bf63
locale/exemplar/characters/index/v1, az, 104B, 50B, df6e8ec710dacaa5
locale/exemplar/characters/index/v1, ba, 122B, 68B, 5a8a274e0ee0bc5f
locale/exemplar/characters/index/v1, bal-Latn, 136B, 82B, 482b19550e64eb7d
locale/exemplar/characters/index/v1, be, 86B, 32B, 35c7e7bddcbfdb7a
locale/exemplar/characters/index/v1, bg, 68B, 14B, 68580a53982dcdd2
locale/exemplar/characters/index/v1, bn, 115B, 61B, f80937c9c03ac469
locale/exemplar/characters/index/v1, br, 68B, 14B, ef04e7e8c9388ce1
locale/exemplar/characters/index/v1, brx, 112B, 58B, b5573787521bd3ca
locale/exemplar/characters/index/v1, bs, 99B, 45B, 7ffe3f4a58241964
locale/exemplar/characters/index/v1, bs-Cyrl, 80B, 26B, c07a3bf665177b7d
locale/exemplar/characters/index/v1, ca, -> af
locale/exemplar/characters/index/v1, ceb, -> af
locale/exemplar/characters/index/v1, chr, 134B, 80B, b39941b7fcb3312b
locale/exemplar/characters/index/v1, cs, 90B, 36B, 6e785ce9a1f368cb
locale/exemplar/characters/index/v1, cv, 92B, 38B, 7b1b2291e1d62c7b
locale/exemplar/characters/index/v1, cy, 94B, 40B, ffc5d2990ad2a9ae
locale/exemplar/characters/index/v1, da, 74B, 20B, 7227bacf2db7c4c1
locale/exemplar/characters/index/v1, de, -> af
locale/exemplar/characters/index/v1, de-AT, 80B, 26B, e46a7e40271812c2
locale/exemplar/characters/index/v1, doi, 98B, 44B, 66a0c462c357dd9d
locale/exemplar/characters/index/v1, dsb, 108B, 54B, 95076c5b3434b1fe
locale/exemplar/characters/index/v1, ee, 116B, 62B, ea02dcf12d40ac07
locale/exemplar/characters/index/v1, el, 68B, 14B, d00af513efb56c0f
locale/exemplar/characters/index/v1, en, -> af
locale/exemplar/characters/index/v1, eo, 104B, 50B, 3b0daf404b5d3a26
locale/exemplar/characters/index/v1, es, 68B, 14B, 59b3c4aa44961614
locale/exemplar/characters/index/v1, et, 92B, 38B, 9aa5f5131fbfc129
locale/exemplar/characters/index/v1, eu, -> af
locale/exemplar/characters/index/v1, fa, 122B, 68B, 575cc768e4dfbf22
locale/exemplar/characters/index/v1, ff-Adlm, 68B, 14B, 34ad18e4be7193cf
locale/exemplar/characters/index/v1, fi, 74B, 20B, f9891d7c4ee36368
locale/exemplar/characters/index/v1, fil, 72B, 18B, 742a53f3bd8221d5
locale/exemplar/characters/index/v1, fo, 110B, 56B, 319fc584263c58e0
locale/exemplar/characters/index/v1, fr, -> af
locale/exemplar/characters/index/v1, fy, 74B, 20B, ee742e264d431c8b
locale/exemplar/characters/index/v1, ga, -> af
locale/exemplar/characters/index/v1, gd, 74B, 20B, 402abb021353710c
locale/exemplar/characters/index/v1, gl, -> es
locale/exemplar/characters/index/v1, gu, 147B, 93B, e6649be81f3b8439
locale/exemplar/characters/index/v1, ha, 104B, 50B, 109f69464f70ad25
locale/exemplar/characters/index/v1, ha-NE, 86B, 32B, 7905736e93a50a8b
locale/exemplar/characters/index/v1, he, 92B, 38B, 5808003605cd0bc7
locale/exemplar/characters/index/v1, hi, 92B, 38B, 6bdc6de195bb1d70
locale/exemplar/characters/index/v1, hr, 105B, 51B, 5afc46e63e9edbef
locale/exemplar/characters/index/v1, hsb, 101B, 47B, eb3a29822b3433d
locale/exemplar/characters/index/v1, hu, 153B, 99B, c5a820e2b7c37484
locale/exemplar/characters/index/v1, hy, 62B, 8B, 3bf07c886fb516dc
locale/exemplar/characters/index/v1, ia, -> af
locale/exemplar/characters/index/v1, id, -> af
locale/exemplar/characters/index/v1, ig, 122B, 68B, fbe61d5e435f3a77
locale/exemplar/characters/index/v1, ii, 164B, 110B, bc3ce85a6b47f86c
locale/exemplar/characters/index/v1, is, 116B, 62B, e0d8d6246994412d
locale/exemplar/characters/index/v1, it, -> af
locale/exemplar/characters/index/v1, ja, 116B, 62B, 21dac59a5ede0396
locale/exemplar/characters/index/v1, jv, 122B, 68B, d581e5aa0a581ed6
locale/exemplar/characters/index/v1, ka, 62B, 8B, b3ed207af0bee3e1
locale/exemplar/characters/index/v1, kea, 86B, 32B, 46f538d5e7a2feba
locale/exemplar/characters/index/v1, kgp, 86B, 32B, 6bcf5b743ab99db
locale/exemplar/characters/index/v1, kk, 122B, 68B, f20c4025a344bd46
locale/exemplar/characters/index/v1, kk-Arab, 158B, 104B, a6afb2a5c7baaf50
locale/exemplar/characters/index/v1, km, 86B, 32B, ddee49a4474abc51
locale/exemplar/characters/index/v1, kn, 98B, 44B, 7c77f09de0552d71
locale/exemplar/characters/index/v1, ko, 104B, 50B, 52b71ac5a814d16c
locale/exemplar/characters/index/v1, kok, 92B, 38B, ca736a7a1b2d6cc
locale/exemplar/characters/index/v1, ku, 92B, 38B, 1e79f17d980d8dd6
locale/exemplar/characters/index/v1, ky, 86B, 32B, 6477bc368d8e267a
locale/exemplar/characters/index/v1, lb, -> af
locale/exemplar/characters/index/v1, lij, -> af
locale/exemplar/characters/index/v1, lo, 176B, 122B, 790dfd96968c1f3d
locale/exemplar/characters/index/v1, lt, 128B, 74B, 28577b58cfeaefd8
locale/exemplar/characters/index/v1, lv, 128B, 74B, e17b44addf99ece4
locale/exemplar/characters/index/v1, mai, 178B, 124B, 8b6f68ad08eed783
locale/exemplar/characters/index/v1, mi, 104B, 50B, 314df0b7005860b1
locale/exemplar/characters/index/v1, mk, 92B, 38B, 75975c2023f8c51d
locale/exemplar/characters/index/v1, ml, 80B, 26B, 6b89efc26310df5b
locale/exemplar/characters/index/v1, mn, 74B, 20B, 1f5871cc4817d4dc
locale/exemplar/characters/index/v1, mr, 128B, 74B, 6bb9f244ba38d0d
locale/exemplar/characters/index/v1, ms, -> af
locale/exemplar/characters/index/v1, mt, 96B, 42B, 6962dc12fb7d33e1
locale/exemplar/characters/index/v1, my, 62B, 8B, ec3efc5e61324833
locale/exemplar/characters/index/v1, nds-NL, -> af
locale/exemplar/characters/index/v1, ne, -> hi
locale/exemplar/characters/index/v1, nl, -> af
locale/exemplar/characters/index/v1, no, -> da
locale/exemplar/characters/index/v1, om, -> af
locale/exemplar/characters/index/v1, or, 115B, 61B, 543db2dfc1f9082
locale/exemplar/characters/index/v1, pa, 112B, 58B, fb8ffe6b38311ca3
locale/exemplar/characters/index/v1, pcm, 84B, 30B, 2ed7c869627b86d1
locale/exemplar/characters/index/v1, pl, 98B, 44B, 28276cfc5c902f78
locale/exemplar/characters/index/v1, ps, 164B, 110B, d1c3e16d2ca5ffdd
locale/exemplar/characters/index/v1, pt, -> af
locale/exemplar/characters/index/v1, qu, 106B, 52B, 3729b1a663f30703
locale/exemplar/characters/index/v1, rm, 92B, 38B, 93794cd26b0fd511
locale/exemplar/characters/index/v1, ro, 92B, 38B, a3ce94f22555d9c3
locale/exemplar/characters/index/v1, ru, 80B, 26B, d46396277f53c6bb
locale/exemplar/characters/index/v1, rw, -> af
locale/exemplar/characters/index/v1, sa, -> doi
locale/exemplar/characters/index/v1, sah, 140B, 86B, f5cf71e868d471f1
locale/exemplar/characters/index/v1, sc, 66B, 12B, 626f2c48367b481b
locale/exemplar/characters/index/v1, scn, 74B, 20B, 6255a0fe50b9b363
locale/exemplar/characters/index/v1, sd, 188B, 134B, 497c9c0dc66c462e
locale/exemplar/characters/index/v1, shn, 134B, 80B, cefa3db74f4bfdc0
locale/exemplar/characters/index/v1, si, 98B, 44B, ce352d26d575b249
locale/exemplar/characters/index/v1, sk, 114B, 60B, d9bbd760c8eaf42b
locale/exemplar/characters/index/v1, sl, 92B, 38B, ab93002f7e4d5bcd
locale/exemplar/characters/index/v1, so, 86B, 32B, bb9470c94130acad
locale/exemplar/characters/index/v1, sq, 116B, 62B, 591bca3edb19d7f
locale/exemplar/characters/index/v1, sr, -> bs-Cyrl
locale/exemplar/characters/index/v1, sr-Latn, -> bs
locale/exemplar/characters/index/v1, su, 68B, 14B, 3227f26fc40c3d89
locale/exemplar/characters/index/v1, sv, -> fi
locale/exemplar/characters/index/v1, sw, -> pcm
locale/exemplar/characters/index/v1, syr, 98B, 44B, d8ebf6fc2c9a8cfc
locale/exemplar/characters/index/v1, szl, 110B, 56B, a9a532b515fd8ffd
locale/exemplar/characters/index/v1, ta, 104B, 50B, 8e0519b8fdb62adc
locale/exemplar/characters/index/v1, te, 92B, 38B, bed15d750fd48971
locale/exemplar/characters/index/v1, tg, 122B, 68B, cb0603b10f71e0fb
locale/exemplar/characters/index/v1, th, 62B, 8B, 95a95092ab5aee04
locale/exemplar/characters/index/v1, ti, 302B, 249B, e83dab01dd14a899
locale/exemplar/characters/index/v1, tk, 128B, 74B, a94996830bcc7afa
locale/exemplar/characters/index/v1, to, 96B, 42B, 26b70d5546904371
locale/exemplar/characters/index/v1, tr, 92B, 38B, ed33e6c41f80ce4e
locale/exemplar/characters/index/v1, tt, 104B, 50B, c0e54d3d45e5fd80
locale/exemplar/characters/index/v1, tyv, -> ky
locale/exemplar/characters/index/v1, ug, 212B, 158B, f054e0a2fee6c3eb
locale/exemplar/characters/index/v1, uk, 86B, 32B, db98fefd481920fe
locale/exemplar/characters/index/v1, und, 56B, 2B, 3a6d9523170345d0
locale/exemplar/characters/index/v1, ur, 164B, 110B, 5b6bbc543a1da7e7
locale/exemplar/characters/index/v1, uz, 92B, 38B, eef38effe7c87c88
locale/exemplar/characters/index/v1, vi, 104B, 50B, 31e7d562786017c6
locale/exemplar/characters/index/v1, wo, 68B, 14B, b85629bdc6b9825d
locale/exemplar/characters/index/v1, xh, -> af
locale/exemplar/characters/index/v1, yo, 86B, 32B, 42051e7de65818b7
locale/exemplar/characters/index/v1, yrl, 110B, 56B, 51a1c51230063e45
locale/exemplar/characters/index/v1, yue, 200B, 147B, 2dcdb01a88fdc6a7
locale/exemplar/characters/index/v1, yue-Hans, -> af
locale/exemplar/characters/index/v1, za, -> af
locale/exemplar/characters/index/v1, zh, -> af
locale/exemplar/characters/index/v1, zh-Hant, 1340B, 1287B, 974910b31430c6ca
locale/exemplar/characters/index/v1, zu, -> af
locale/exemplar/characters/main/v1, <lookup>, 896B, 181 identifiers
locale/exemplar/characters/main/v1, <total>, 74297B, 65350B, 166 unique payloads
locale/exemplar/characters/main/v1, af, 98B, 44B, d73fc42a75b51bdd
locale/exemplar/characters/main/v1, ak, 104B, 50B, 75856fb4a06dafbb
locale/exemplar/characters/main/v1, am, 176B, 122B, a95d77a59cc8ebc4
locale/exemplar/characters/main/v1, ar, 74B, 20B, 23ccf9e5949fbd0e
locale/exemplar/characters/main/v1, as, 163B, 109B, 400212979f61d23
locale/exemplar/characters/main/v1, ast, 128B, 74B, adfab02948997166
locale/exemplar/characters/main/v1, az, 110B, 56B, 861648198edfb2c0
locale/exemplar/characters/main/v1, ba, 122B, 68B, ea37d6b453135119
locale/exemplar/characters/main/v1, bal-Latn, 136B, 82B, e7ebce837c11414c
locale/exemplar/characters/main/v1, be, 104B, 50B, d90513a36065a3fc
locale/exemplar/characters/main/v1, bg, 74B, 20B, 73d21a421969eb89
locale/exemplar/characters/main/v1, bgc, 128B, 74B, 7b1284788919dda3
locale/exemplar/characters/main/v1, bho, 122B, 68B, 73d533752edc2b34
locale/exemplar/characters/main/v1, blo, 304B, 251B, 62eac5f5e79e929f
locale/exemplar/characters/main/v1, bn, 169B, 115B, bf332b30d0124e4
locale/exemplar/characters/main/v1, br, 102B, 48B, 402e4c98d77dfcb
locale/exemplar/characters/main/v1, brx, 148B, 94B, ad111a6a0b379921
locale/exemplar/characters/main/v1, bs, 117B, 63B, f58ed26609290054
locale/exemplar/characters/main/v1, bs-Cyrl, 86B, 32B, a9c3438a3ed985a5
locale/exemplar/characters/main/v1, bua, 86B, 32B, 117f8663ccde0540
locale/exemplar/characters/main/v1, ca, 110B, 56B, 7b1806fe97eebaf7
locale/exemplar/characters/main/v1, ceb, 98B, 44B, c11fc28d6186ee6f
locale/exemplar/characters/main/v1, chr, 68B, 14B, 1952a55450e28e55
locale/exemplar/characters/main/v1, cs, 156B, 102B, 6ed6ed9867a89b32
locale/exemplar/characters/main/v1, csw, 356B, 303B, c66aae9ed921eddf
locale/exemplar/characters/main/v1, cv, 92B, 38B, a66fe790a8df88a2
locale/exemplar/characters/main/v1, cy, 196B, 142B, 7d6ada812ecd6c7f
locale/exemplar/characters/main/v1, da, 74B, 20B, 5490ba8298f515b4
locale/exemplar/characters/main/v1, de, 86B, 32B, 28d7b14aae201f45
locale/exemplar/characters/main/v1, de-CH, 80B, 26B, 972b2cba65cb993d
locale/exemplar/characters/main/v1, doi, 155B, 101B, 419a11a445f8c711
locale/exemplar/characters/main/v1, dsb, 132B, 78B, 597e0b1046df8fec
locale/exemplar/characters/main/v1, ee, 218B, 164B, 77b651fcb784d6d3
locale/exemplar/characters/main/v1, el, 68B, 14B, a5dc83a2d894a83a
locale/exemplar/characters/main/v1, el-polyton, 194B, 141B, d7e1e905d5bf1fe1
locale/exemplar/characters/main/v1, en, 62B, 8B, 20ca2173af0f40a2
locale/exemplar/characters/main/v1, eo, 110B, 56B, f0865ca5de86b617
locale/exemplar/characters/main/v1, es, 104B, 50B, 15f0bbc892a458e
locale/exemplar/characters/main/v1, et, 92B, 38B, 6d0d936a104e498d
locale/exemplar/characters/main/v1, eu, 74B, 20B, 7930d1b44d59e53c
locale/exemplar/characters/main/v1, fa, 134B, 80B, e3a1cbb1a7fd0729
locale/exemplar/characters/main/v1, ff-Adlm, 74B, 20B, 526096a4cafd9ad0
locale/exemplar/characters/main/v1, fi, 86B, 32B, f74e9d4a35dbecfd
locale/exemplar/characters/main/v1, fil, 72B, 18B, f9afb4e52cb4308f
locale/exemplar/characters/main/v1, fo, 128B, 74B, c2a53c3e4745b201
locale/exemplar/characters/main/v1, fr, 116B, 62B, 4d863733035b9b56
locale/exemplar/characters/main/v1, fy, 133B, 79B, ddc0f9b5edb971db
locale/exemplar/characters/main/v1, ga, 104B, 50B, 782c16960fb422f5
locale/exemplar/characters/main/v1, gaa, 98B, 44B, f75c97cc4ea1f104
locale/exemplar/characters/main/v1, gd, 104B, 50B, 7d0b0518e31aa40f
locale/exemplar/characters/main/v1, gl, 110B, 56B, ac655d4212f75a57
locale/exemplar/characters/main/v1, gu, 134B, 80B, b25cf2315d672015
locale/exemplar/characters/main/v1, ha, 118B, 64B, 7072266a7547f728
locale/exemplar/characters/main/v1, he, 62B, 8B, 2d8f49b52cac0ddf
locale/exemplar/characters/main/v1, hi, 128B, 74B, d2fb69d32fcc96ee
locale/exemplar/characters/main/v1, hr, -> bs
locale/exemplar/characters/main/v1, hsb, 125B, 71B, b06fa7c1325a6ca9
locale/exemplar/characters/main/v1, ht, 131B, 77B, 6751c528d9a96cb9
locale/exemplar/characters/main/v1, hu, 211B, 157B, c043d241aeac4021
locale/exemplar/characters/main/v1, hy, 62B, 8B, a7de1236b86139b
locale/exemplar/characters/main/v1, ia, -> en
locale/exemplar/characters/main/v1, id, -> en
locale/exemplar/characters/main/v1, ie, 92B, 38B, ea48bc04af4bc0ce
locale/exemplar/characters/main/v1, ig, 140B, 86B, 70387cd5c75ebd7
locale/exemplar/characters/main/v1, ii, 62B, 8B, ec08431b622271ac
locale/exemplar/characters/main/v1, is, 134B, 80B, d8af2b54d60bb43e
locale/exemplar/characters/main/v1, it, 92B, 38B, 94835a3e2351db15
locale/exemplar/characters/main/v1, ja, 10520B, 10467B, 82187c32e11488c4
locale/exemplar/characters/main/v1, jv, 122B, 68B, 96a754f5b0ddd895
locale/exemplar/characters/main/v1, ka, 62B, 8B, b3ed207af0bee3e1
locale/exemplar/characters/main/v1, kea, 102B, 48B, c7de7a4a569de31
locale/exemplar/characters/main/v1, kgp, 134B, 80B, d04afc15540a755b
locale/exemplar/characters/main/v1, kk, 122B, 68B, 50fac5a343fcb4d0
locale/exemplar/characters/main/v1, kk-Arab, 158B, 104B, a6afb2a5c7baaf50
locale/exemplar/characters/main/v1, km, 120B, 66B, d7b0197e09cb90b8
locale/exemplar/characters/main/v1, kn, 122B, 68B, f18a9fb540cde214
locale/exemplar/characters/main/v1, ko, 62B, 8B, cff6f1ce07b074fd
locale/exemplar/characters/main/v1, kok, 198B, 144B, 796368c7c49f96e9
locale/exemplar/characters/main/v1, kok-Latn, 110B, 56B, 7ddbcd3f3aa9ba90
locale/exemplar/characters/main/v1, ks, 188B, 135B, 24c750752c7bda06
locale/exemplar/characters/main/v1, ks-Deva, 186B, 132B, 5b0f88a3496aa161
locale/exemplar/characters/main/v1, ku, 92B, 38B, fcbb6be9f4d1687c
locale/exemplar/characters/main/v1, kxv, 162B, 108B, c3cf105f89279256
locale/exemplar/characters/main/v1, kxv-Deva, 234B, 181B, 43a74c2e10a3525
locale/exemplar/characters/main/v1, kxv-Orya, 218B, 165B, 878deca3b6a43e41
locale/exemplar/characters/main/v1, kxv-Telu, 202B, 149B, e1c629a6a412aabc
locale/exemplar/characters/main/v1, ky, 116B, 62B, 7f219cf743510373
locale/exemplar/characters/main/v1, lb, 80B, 26B, b38df6c1c104f9a8
locale/exemplar/characters/main/v1, lij, 116B, 62B, f7d83e405e140135
locale/exemplar/characters/main/v1, lmo, -> en
locale/exemplar/characters/main/v1, lo, 158B, 104B, bc55efbf988d861e
locale/exemplar/characters/main/v1, lt, 128B, 74B, 58916d4ad0a3e06
locale/exemplar/characters/main/v1, lv, 140B, 86B, a1da5395bbaf126d
locale/exemplar/characters/main/v1, mai, 168B, 114B, c4d1765733ae5b27
locale/exemplar/characters/main/v1, mi, 142B, 88B, 3bb18a89b2d429e2
locale/exemplar/characters/main/v1, mk, 98B, 44B, 7eba8966f4beb0ba
locale/exemplar/characters/main/v1, ml, 96B, 42B, 36bae5c71f06806f
locale/exemplar/characters/main/v1, mn, 80B, 26B, 65ff00b3eab1f12e
locale/exemplar/characters/main/v1, mni, 152B, 98B, d89bea2e92b45c08
locale/exemplar/characters/main/v1, mr, 150B, 96B, 1e9191acd9fb164c
locale/exemplar/characters/main/v1, ms, -> en
locale/exemplar/characters/main/v1, mt, 133B, 79B, 2f8605b67556d44a
locale/exemplar/characters/main/v1, my, 86B, 32B, d7679fb8c3264e06
locale/exemplar/characters/main/v1, nds, 80B, 26B, b96ad58bea2fea25
locale/exemplar/characters/main/v1, nds-NL, -> en
locale/exemplar/characters/main/v1, ne, -> hi
locale/exemplar/characters/main/v1, nl, 133B, 79B, ac6ce939c84b9898
locale/exemplar/characters/main/v1, no, 92B, 38B, ae59668fb83894a8
locale/exemplar/characters/main/v1, nqo, 68B, 14B, 95c58eda1b6e9607
locale/exemplar/characters/main/v1, nso, 98B, 44B, 830ba530ef6f3e0c
locale/exemplar/characters/main/v1, oc, 104B, 50B, 9e2d851f40f2907a
locale/exemplar/characters/main/v1, om, -> en
locale/exemplar/characters/main/v1, or, 161B, 107B, 3f04cf8b47e24f7
locale/exemplar/characters/main/v1, pa, 188B, 134B, ee0414fa01b72999
locale/exemplar/characters/main/v1, pcm, 156B, 102B, 5d165e4b5005e50
locale/exemplar/characters/main/v1, pl, 134B, 80B, bdb3daa02d955a6c
locale/exemplar/characters/main/v1, pms, 143B, 89B, f171f8d5c8a667f7
locale/exemplar/characters/main/v1, ps, 188B, 135B, d800e92e58ac2ae6
locale/exemplar/characters/main/v1, ps-PK, 194B, 141B, c650f71e1b88d287
locale/exemplar/characters/main/v1, pt, 98B, 44B, 7c8118e8689f4460
locale/exemplar/characters/main/v1, qu, 138B, 84B, 8266254fcbb1281
locale/exemplar/characters/main/v1, raj, 116B, 62B, 7ca4a88eef4a992
locale/exemplar/characters/main/v1, rm, -> it
locale/exemplar/characters/main/v1, ro, 92B, 38B, 6603889a4ead8fbe
locale/exemplar/characters/main/v1, ru, 68B, 14B, 39495c3737bcc704
locale/exemplar/characters/main/v1, rw, -> en
locale/exemplar/characters/main/v1, sa, 128B, 74B, 80a449fdb466562d
locale/exemplar/characters/main/v1, sah, 140B, 86B, ef5547c0375697a9
locale/exemplar/characters/main/v1, sat, 62B, 8B, 48a2875d62e22825
locale/exemplar/characters/main/v1, sc, 110B, 56B, 52651c7a24f7f10a
locale/exemplar/characters/main/v1, scn, 140B, 86B, 40884ce07e2f6a86
locale/exemplar/characters/main/v1, sd, 194B, 140B, 3860d30d4432f9e0
locale/exemplar/characters/main/v1, sd-Deva, 134B, 80B, 366d876469a71e0d
locale/exemplar/characters/main/v1, shn, 164B, 110B, 2afa3b7e04cdee69
locale/exemplar/characters/main/v1, si, 134B, 80B, e9548d2f503c3b18
locale/exemplar/characters/main/v1, sk, 171B, 117B, b802b3408988ab60
locale/exemplar/characters/main/v1, sl, 92B, 38B, ea507318c32220d3
locale/exemplar/characters/main/v1, so, 86B, 32B, 7a124a3a2e8e6679
locale/exemplar/characters/main/v1, sq, 116B, 62B, 679df903e3df543d
locale/exemplar/characters/main/v1, sr, -> bs-Cyrl
locale/exemplar/characters/main/v1, sr-Latn, -> bs
locale/exemplar/characters/main/v1, st, 80B, 26B, ee1ef7f256a960ff
locale/exemplar/characters/main/v1, su, 68B, 14B, 5e2430dae6cc68db
locale/exemplar/characters/main/v1, sv, 86B, 32B, ab9bc56a22446222
locale/exemplar/characters/main/v1, sw, 84B, 30B, 6eb17616a4250a71
locale/exemplar/characters/main/v1, sw-CD, 74B, 20B, 17794af74f63339e
locale/exemplar/characters/main/v1, sw-KE, -> en
locale/exemplar/characters/main/v1, syr, 74B, 20B, d94a700e49ef0a24
locale/exemplar/characters/main/v1, szl, 140B, 86B, fa0b5f0de3fa6381
locale/exemplar/characters/main/v1, ta, 140B, 86B, ff38353f8009987a
locale/exemplar/characters/main/v1, te, 122B, 68B, 67918d8d1fe43a27
locale/exemplar/characters/main/v1, tg, 122B, 68B, c64aa5604531218f
locale/exemplar/characters/main/v1, th, 68B, 14B, bce397b2411f8aaf
locale/exemplar/characters/main/v1, ti, 206B, 153B, 64d678aad13c3109
locale/exemplar/characters/main/v1, tk, 128B, 74B, e4227e38cf3825d2
locale/exemplar/characters/main/v1, tn, 98B, 44B, 25ed7a6c7573757d
locale/exemplar/characters/main/v1, to, 156B, 102B, 3bd1d89aeab23154
locale/exemplar/characters/main/v1, tr, 110B, 56B, e060196b7df5178f
locale/exemplar/characters/main/v1, tt, 104B, 50B, b1c94de32605219b
locale/exemplar/characters/main/v1, tyv, 86B, 32B, 7cb382de2706c3c0
locale/exemplar/characters/main/v1, ug, 212B, 158B, f054e0a2fee6c3eb
locale/exemplar/characters/main/v1, uk, 98B, 44B, d296cc3c828b957b
locale/exemplar/characters/main/v1, und, 56B, 2B, 3a6d9523170345d0
locale/exemplar/characters/main/v1, ur, 164B, 110B, 5b6bbc543a1da7e7
locale/exemplar/characters/main/v1, uz, 98B, 44B, 869743791dbcd1aa
locale/exemplar/characters/main/v1, uz-Cyrl, 110B, 56B, 2a4569327656b660
locale/exemplar/characters/main/v1, vec, 116B, 62B, a411ca438f4e5e28
locale/exemplar/characters/main/v1, vi, 422B, 369B, 932447e7f4a24806
locale/exemplar/characters/main/v1, vmw, 107B, 53B, e1a8100cd516c9ff
locale/exemplar/characters/main/v1, wo, 110B, 56B, 433985221915e94c
locale/exemplar/characters/main/v1, xh, -> en
locale/exemplar/characters/main/v1, xnr, 146B, 92B, 2584e39359184645
locale/exemplar/characters/main/v1, yo, 199B, 145B, 66920e52f5eb4709
locale/exemplar/characters/main/v1, yo-BJ, 160B, 106B, 783775ba85752164
locale/exemplar/characters/main/v1, yrl, 134B, 80B, a2503bd499f54991
locale/exemplar/characters/main/v1, yue, 12248B, 12195B, a3fed6bbbe82b2af
locale/exemplar/characters/main/v1, yue-Hans, 9950B, 9897B, 5052f9a735d8d463
locale/exemplar/characters/main/v1, za, -> en
locale/exemplar/characters/main/v1, zh, 10346B, 10293B, eaeb380c74d27fe3
locale/exemplar/characters/main/v1, zh-Hant, 10862B, 10809B, 6228bf8b8d851e60
locale/exemplar/characters/main/v1, zu, 208B, 155B, 153a1bfa1781e39f
locale/exemplar/characters/numbers/v1, <lookup>, 484B, 97 identifiers
locale/exemplar/characters/numbers/v1, <total>, 3566B, 1622B, 36 unique payloads
locale/exemplar/characters/numbers/v1, ar, 110B, 56B, 37da6e5b7a925dd9
locale/exemplar/characters/numbers/v1, ar-DZ, 92B, 38B, 15e5491d2b25cb36
locale/exemplar/characters/numbers/v1, ar-LB, -> ar-DZ
locale/exemplar/characters/numbers/v1, ar-LY, -> ar-DZ
locale/exemplar/characters/numbers/v1, ar-MA, -> ar-DZ
locale/exemplar/characters/numbers/v1, ar-MR, -> ar-DZ
locale/exemplar/characters/numbers/v1, ar-SA, 92B, 38B, f246ab7f371b244f
locale/exemplar/characters/numbers/v1, ar-SO, -> ar-SA
locale/exemplar/characters/numbers/v1, ar-TN, -> ar-DZ
locale/exemplar/characters/numbers/v1, as, 92B, 38B, f4290b9b94c56261
locale/exemplar/characters/numbers/v1, be, 86B, 32B, 7e863eaf847ae93c
locale/exemplar/characters/numbers/v1, bg, -> be
locale/exemplar/characters/numbers/v1, bgc, 92B, 38B, 6021050812c4d6ee
locale/exemplar/characters/numbers/v1, bho, -> bgc
locale/exemplar/characters/numbers/v1, blo, 107B, 53B, 831e3983f1180d89
locale/exemplar/characters/numbers/v1, bn, -> as
locale/exemplar/characters/numbers/v1, br, -> be
locale/exemplar/characters/numbers/v1, cs, -> be
locale/exemplar/characters/numbers/v1, cv, -> be
locale/exemplar/characters/numbers/v1, de-AT, -> be
locale/exemplar/characters/numbers/v1, de-CH, 98B, 44B, 6053f135ef46022f
locale/exemplar/characters/numbers/v1, de-LI, -> de-CH
locale/exemplar/characters/numbers/v1, en-FI, -> be
locale/exemplar/characters/numbers/v1, en-NO, -> be
locale/exemplar/characters/numbers/v1, en-SE, -> be
locale/exemplar/characters/numbers/v1, en-ZA, -> be
locale/exemplar/characters/numbers/v1, eo, 86B, 32B, 267d93081e484d00
locale/exemplar/characters/numbers/v1, es-CR, -> be
locale/exemplar/characters/numbers/v1, et, -> eo
locale/exemplar/characters/numbers/v1, eu, 92B, 38B, c20d8f17fa83a80f
locale/exemplar/characters/numbers/v1, fa, 116B, 62B, 604effcfff596f40
locale/exemplar/characters/numbers/v1, ff-Adlm, 62B, 8B, 3d4c164804ec5d19
locale/exemplar/characters/numbers/v1, fi, -> eo
locale/exemplar/characters/numbers/v1, fo, -> eu
locale/exemplar/characters/numbers/v1, fr, 116B, 62B, 90a5a9964592a0a9
locale/exemplar/characters/numbers/v1, fr-LU, 86B, 32B, 4ea0d0e05d39624c
locale/exemplar/characters/numbers/v1, fr-MA, -> fr-LU
locale/exemplar/characters/numbers/v1, he, -> ar-DZ
locale/exemplar/characters/numbers/v1, hi, -> bgc
locale/exemplar/characters/numbers/v1, hu, -> be
locale/exemplar/characters/numbers/v1, hy, -> be
locale/exemplar/characters/numbers/v1, ie, 92B, 38B, bca05b90fd17a196
locale/exemplar/characters/numbers/v1, ii, 115B, 61B, 24cf93dbfff55f98
locale/exemplar/characters/numbers/v1, it-CH, -> de-CH
locale/exemplar/characters/numbers/v1, ka, -> be
locale/exemplar/characters/numbers/v1, kea, -> be
locale/exemplar/characters/numbers/v1, kk, -> be
locale/exemplar/characters/numbers/v1, kn, 92B, 38B, e8881550592a1add
locale/exemplar/characters/numbers/v1, kok, -> bgc
locale/exemplar/characters/numbers/v1, ks, 104B, 50B, b2d302b49a54c547
locale/exemplar/characters/numbers/v1, kxv-Deva, 92B, 38B, 2b90a705a8961177
locale/exemplar/characters/numbers/v1, kxv-Orya, 92B, 38B, 478481e267188f29
locale/exemplar/characters/numbers/v1, kxv-Telu, 92B, 38B, ede7ec2e17f78fa5
locale/exemplar/characters/numbers/v1, ky, -> be
locale/exemplar/characters/numbers/v1, lij, 110B, 56B, e811eba1e9e8eb23
locale/exemplar/characters/numbers/v1, lt, -> eo
locale/exemplar/characters/numbers/v1, lv, -> be
locale/exemplar/characters/numbers/v1, mni, -> as
locale/exemplar/characters/numbers/v1, mr, -> bgc
locale/exemplar/characters/numbers/v1, my, 92B, 38B, 2a6d8b4491d8012b
locale/exemplar/characters/numbers/v1, ne, -> bgc
locale/exemplar/characters/numbers/v1, no, -> eo
locale/exemplar/characters/numbers/v1, nqo, 98B, 44B, 1e7b4f215d67045e
locale/exemplar/characters/numbers/v1, or, 92B, 38B, 88746f358a55ab33
locale/exemplar/characters/numbers/v1, pa, 92B, 38B, 274026f9043f848e
locale/exemplar/characters/numbers/v1, pl, -> be
locale/exemplar/characters/numbers/v1, ps, 116B, 62B, 79ae7aa1be8f4872
locale/exemplar/characters/numbers/v1, pt-PT, -> be
locale/exemplar/characters/numbers/v1, raj, -> bgc
locale/exemplar/characters/numbers/v1, rm, 98B, 44B, 36b01d34ee3f731f
locale/exemplar/characters/numbers/v1, ru, -> be
locale/exemplar/characters/numbers/v1, sa, -> bgc
locale/exemplar/characters/numbers/v1, sah, -> be
locale/exemplar/characters/numbers/v1, sat, 86B, 32B, 1e8aace74421ca78
locale/exemplar/characters/numbers/v1, scn, 104B, 50B, c105de4df9dde368
locale/exemplar/characters/numbers/v1, shn, 98B, 44B, 4bbd0bc2ede86e94
locale/exemplar/characters/numbers/v1, sk, -> be
locale/exemplar/characters/numbers/v1, sl, -> eu
locale/exemplar/characters/numbers/v1, sq, -> be
locale/exemplar/characters/numbers/v1, sr-Latn, -> fr-LU
locale/exemplar/characters/numbers/v1, sv, -> eo
locale/exemplar/characters/numbers/v1, syr, -> ar
locale/exemplar/characters/numbers/v1, szl, -> be
locale/exemplar/characters/numbers/v1, ta, 92B, 38B, 9d8d37594d7d1109
locale/exemplar/characters/numbers/v1, te, 92B, 38B, 61b1eda289bde9f3
locale/exemplar/characters/numbers/v1, th, -> fr-LU
locale/exemplar/characters/numbers/v1, tk, -> be
locale/exemplar/characters/numbers/v1, uk, -> be
locale/exemplar/characters/numbers/v1, und, 92B, 38B, 284e7cb93bc3c56b
locale/exemplar/characters/numbers/v1, ur, -> ks
locale/exemplar/characters/numbers/v1, uz, -> be
locale/exemplar/characters/numbers/v1, uz-Cyrl, -> be
locale/exemplar/characters/numbers/v1, xnr, -> bgc
locale/exemplar/characters/numbers/v1, yue, 146B, 92B, 489c004c9c03d756
locale/exemplar/characters/numbers/v1, yue-Hans, -> yue
locale/exemplar/characters/numbers/v1, zh, 152B, 98B, 11039a8b229e58e0
locale/exemplar/characters/numbers/v1, zh-Hant, -> yue
locale/exemplar/characters/punctuation/v1, <lookup>, 749B, 164 identifiers
locale/exemplar/characters/punctuation/v1, <total>, 13615B, 8545B, 94 unique payloads
locale/exemplar/characters/punctuation/v1, af, 146B, 92B, 598fb8b71c82bbb8
locale/exemplar/characters/punctuation/v1, am, 134B, 80B, ad144f7c484b013d
locale/exemplar/characters/punctuation/v1, ar, 140B, 86B, e28cf39e81e6d217
locale/exemplar/characters/punctuation/v1, as, 152B, 98B, 312c81602d45172b
locale/exemplar/characters/punctuation/v1, ast, 164B, 110B, 11519db1150a4bba
locale/exemplar/characters/punctuation/v1, az, -> af
locale/exemplar/characters/punctuation/v1, ba, 152B, 98B, a7a56b4ad3bbb4a6
locale/exemplar/characters/punctuation/v1, bal-Latn, 98B, 44B, 6f2cccdd18a1c05f
locale/exemplar/characters/punctuation/v1, be, 110B, 56B, 560e70c83dd7a820
locale/exemplar/characters/punctuation/v1, bg, 158B, 104B, ba9257a47143e2bf
locale/exemplar/characters/punctuation/v1, bgc, 134B, 80B, 2f10b786bc1d06ba
locale/exemplar/characters/punctuation/v1, bho, -> af
locale/exemplar/characters/punctuation/v1, blo, 176B, 122B, eb8c29947ef5e53e
locale/exemplar/characters/punctuation/v1, bn, 152B, 98B, a810ac4bc6a9c1b3
locale/exemplar/characters/punctuation/v1, brx, -> af
locale/exemplar/characters/punctuation/v1, bs, 140B, 86B, cbea68faec91fa8b
locale/exemplar/characters/punctuation/v1, bua, -> ba
locale/exemplar/characters/punctuation/v1, ca, -> ast
locale/exemplar/characters/punctuation/v1, ceb, 128B, 74B, a7bdfb18dfececf7
locale/exemplar/characters/punctuation/v1, chr, -> af
locale/exemplar/characters/punctuation/v1, cs, 152B, 98B, 4b7181c279426ab1
locale/exemplar/characters/punctuation/v1, csw, 152B, 98B, 87de7bd33789ac79
locale/exemplar/characters/punctuation/v1, cv, 140B, 86B, f8655c05c656bf07
locale/exemplar/characters/punctuation/v1, cy, -> af
locale/exemplar/characters/punctuation/v1, da, 146B, 92B, 7c6ce303dadd549f
locale/exemplar/characters/punctuation/v1, de, -> ba
locale/exemplar/characters/punctuation/v1, doi, 140B, 86B, c1bab5a7fb5f11fa
locale/exemplar/characters/punctuation/v1, dsb, 146B, 92B, 5264a68e6bbb9a9a
locale/exemplar/characters/punctuation/v1, ee, 140B, 86B, a8a81a325b08acd5
locale/exemplar/characters/punctuation/v1, el, 134B, 80B, ad7d53aad9eb7d0a
locale/exemplar/characters/punctuation/v1, en, -> af
locale/exemplar/characters/punctuation/v1, eo, 122B, 68B, 143ab633dcf25810
locale/exemplar/characters/punctuation/v1, es, -> ast
locale/exemplar/characters/punctuation/v1, et, 116B, 62B, 47cdf80058bb2df2
locale/exemplar/characters/punctuation/v1, eu, -> af
locale/exemplar/characters/punctuation/v1, fa, 140B, 86B, 3f8860a8b68e0dd6
locale/exemplar/characters/punctuation/v1, ff-Adlm, 86B, 32B, a1bbc5486305869b
locale/exemplar/characters/punctuation/v1, fi, 146B, 92B, ee370aa16c5ab95c
locale/exemplar/characters/punctuation/v1, fil, 140B, 86B, e6f2235be8e45439
locale/exemplar/characters/punctuation/v1, fo, -> da
locale/exemplar/characters/punctuation/v1, fr, 158B, 104B, 3f65e9b56e33d348
locale/exemplar/characters/punctuation/v1, fy, -> af
locale/exemplar/characters/punctuation/v1, ga, -> af
locale/exemplar/characters/punctuation/v1, gaa, -> af
locale/exemplar/characters/punctuation/v1, gd, 176B, 122B, 66a6bf116aeb124a
locale/exemplar/characters/punctuation/v1, gl, -> ast
locale/exemplar/characters/punctuation/v1, gu, -> af
locale/exemplar/characters/punctuation/v1, ha, 116B, 62B, 758bc69268f5fa38
locale/exemplar/characters/punctuation/v1, he, 122B, 68B, c56987475c695e6c
locale/exemplar/characters/punctuation/v1, hi, 158B, 104B, b25d0fbba42330b5
locale/exemplar/characters/punctuation/v1, hr, 140B, 86B, 1f12a6b08032cc15
locale/exemplar/characters/punctuation/v1, hsb, -> dsb
locale/exemplar/characters/punctuation/v1, ht, 134B, 80B, 3843b38ac26a9e48
locale/exemplar/characters/punctuation/v1, hu, 158B, 104B, a3d9164fc9e6b673
locale/exemplar/characters/punctuation/v1, hy, 98B, 44B, 82de4dd5a18de939
locale/exemplar/characters/punctuation/v1, ia, -> af
locale/exemplar/characters/punctuation/v1, id, -> af
locale/exemplar/characters/punctuation/v1, ie, 152B, 98B, 39d3d7ed79f19083
locale/exemplar/characters/punctuation/v1, ig, 110B, 56B, 18b1d7ac7c183be
locale/exemplar/characters/punctuation/v1, ii, 302B, 249B, 36647eb6b4e6af2d
locale/exemplar/characters/punctuation/v1, is, 158B, 104B, 66d5b1ec6aa1c629
locale/exemplar/characters/punctuation/v1, it, 134B, 80B, 8c669d76213ca8e5
locale/exemplar/characters/punctuation/v1, ja, 266B, 213B, 8e3ee20a3c169657
locale/exemplar/characters/punctuation/v1, ka, 182B, 128B, fe3283914894629b
locale/exemplar/characters/punctuation/v1, kea, 152B, 98B, fb1f8cc3b0eb258a
locale/exemplar/characters/punctuation/v1, kgp, -> af
locale/exemplar/characters/punctuation/v1, kk, -> cv
locale/exemplar/characters/punctuation/v1, kk-Arab, 158B, 104B, 53e974adb7e781f1
locale/exemplar/characters/punctuation/v1, km, 116B, 62B, b14d64a3dd433d6d
locale/exemplar/characters/punctuation/v1, kn, -> af
locale/exemplar/characters/punctuation/v1, ko, 272B, 219B, 401e6003cb76e7b7
locale/exemplar/characters/punctuation/v1, kok, -> af
locale/exemplar/characters/punctuation/v1, kok-Latn, 158B, 104B, db6a311037827727
locale/exemplar/characters/punctuation/v1, ks, -> af
locale/exemplar/characters/punctuation/v1, ks-Deva, -> af
locale/exemplar/characters/punctuation/v1, ku, -> af
locale/exemplar/characters/punctuation/v1, kxv, -> af
locale/exemplar/characters/punctuation/v1, kxv-Deva, -> af
locale/exemplar/characters/punctuation/v1, kxv-Orya, -> af
locale/exemplar/characters/punctuation/v1, kxv-Telu, -> af
locale/exemplar/characters/punctuation/v1, ky, -> ba
locale/exemplar/characters/punctuation/v1, lb, -> ba
locale/exemplar/characters/punctuation/v1, lij, -> fr
locale/exemplar/characters/punctuation/v1, lmo, 134B, 80B, 49d251e084f0060
locale/exemplar/characters/punctuation/v1, lo, -> af
locale/exemplar/characters/punctuation/v1, lt, 122B, 68B, 4e7587262c70cb9
locale/exemplar/characters/punctuation/v1, lv, 146B, 92B, 70827463eb622e57
locale/exemplar/characters/punctuation/v1, mai, 146B, 92B, cd63b70fa35248b4
locale/exemplar/characters/punctuation/v1, mk, 134B, 80B, aa7e11052f0131e2
locale/exemplar/characters/punctuation/v1, ml, -> af
locale/exemplar/characters/punctuation/v1, mn, -> af
locale/exemplar/characters/punctuation/v1, mni, -> af
locale/exemplar/characters/punctuation/v1, mr, 134B, 80B, 2801844fe920f160
locale/exemplar/characters/punctuation/v1, ms, -> af
locale/exemplar/characters/punctuation/v1, mt, 110B, 56B, 33e99112300a19f7
locale/exemplar/characters/punctuation/v1, my, 128B, 74B, 2b5618a5a032865f
locale/exemplar/characters/punctuation/v1, nds, -> ba
locale/exemplar/characters/punctuation/v1, nds-NL, -> af
locale/exemplar/characters/punctuation/v1, ne, 122B, 68B, 1b6313bebb88bddc
locale/exemplar/characters/punctuation/v1, nl, -> af
locale/exemplar/characters/punctuation/v1, no, 164B, 110B, dd38d79ef6bcd765
locale/exemplar/characters/punctuation/v1, nqo, 62B, 8B, 1854f45eb412f530
locale/exemplar/characters/punctuation/v1, oc, 164B, 110B, 34d6b547718eeb84
locale/exemplar/characters/punctuation/v1, oc-ES, 158B, 104B, 106bcf8a838d7a3a
locale/exemplar/characters/punctuation/v1, om, 134B, 80B, 95ed72b5ad5fb132
locale/exemplar/characters/punctuation/v1, or, -> as
locale/exemplar/characters/punctuation/v1, pa, 128B, 74B, 7b1db63111353fdc
locale/exemplar/characters/punctuation/v1, pcm, -> af
locale/exemplar/characters/punctuation/v1, pl, 158B, 104B, b7d5cb1c7077da80
locale/exemplar/characters/punctuation/v1, pms, -> lmo
locale/exemplar/characters/punctuation/v1, ps, 104B, 50B, 5b83aaf4c505062
locale/exemplar/characters/punctuation/v1, pt, -> af
locale/exemplar/characters/punctuation/v1, pt-PT, 152B, 98B, b3135f0f7cbc8782
locale/exemplar/characters/punctuation/v1, qu, -> af
locale/exemplar/characters/punctuation/v1, raj, 134B, 80B, 714cd3ef8320b623
locale/exemplar/characters/punctuation/v1, ro, 140B, 86B, 2f4e95b2923445e1
locale/exemplar/characters/punctuation/v1, ru, -> ba
locale/exemplar/characters/punctuation/v1, sa, -> mai
locale/exemplar/characters/punctuation/v1, sah, 62B, 8B, 5445398404b3b05a
locale/exemplar/characters/punctuation/v1, sc, 158B, 104B, 620308057a4ad970
locale/exemplar/characters/punctuation/v1, scn, -> af
locale/exemplar/characters/punctuation/v1, sd, 146B, 92B, 1bfd73688fe6fec6
locale/exemplar/characters/punctuation/v1, sd-Deva, -> af
locale/exemplar/characters/punctuation/v1, shn, -> my
locale/exemplar/characters/punctuation/v1, si, -> af
locale/exemplar/characters/punctuation/v1, sk, -> cs
locale/exemplar/characters/punctuation/v1, sl, 128B, 74B, 9efae0185a979022
locale/exemplar/characters/punctuation/v1, so, -> af
locale/exemplar/characters/punctuation/v1, sq, 158B, 104B, f9bb1d5a7850d384
locale/exemplar/characters/punctuation/v1, sr, 128B, 74B, 86f017a605843d44
locale/exemplar/characters/punctuation/v1, sr-Latn, 140B, 86B, b5d54d28c532d042
locale/exemplar/characters/punctuation/v1, st, -> af
locale/exemplar/characters/punctuation/v1, su, -> af
locale/exemplar/characters/punctuation/v1, sv, -> af
locale/exemplar/characters/punctuation/v1, sw, 98B, 44B, 82e272efc157ddd6
locale/exemplar/characters/punctuation/v1, syr, 158B, 104B, b8912893805e4937
locale/exemplar/characters/punctuation/v1, szl, -> pl
locale/exemplar/characters/punctuation/v1, ta, -> af
locale/exemplar/characters/punctuation/v1, te, 110B, 56B, b4daa119ce99c9c8
locale/exemplar/characters/punctuation/v1, tg, 159B, 105B, 2bd90817534afdd9
locale/exemplar/characters/punctuation/v1, th, 134B, 80B, 99dda0341211085d
locale/exemplar/characters/punctuation/v1, tk, 126B, 72B, 39195e0d1905b235
locale/exemplar/characters/punctuation/v1, tn, -> af
locale/exemplar/characters/punctuation/v1, to, -> af
locale/exemplar/characters/punctuation/v1, tr, -> af
locale/exemplar/characters/punctuation/v1, tt, 140B, 86B, c2d940b97e2cb250
locale/exemplar/characters/punctuation/v1, tyv, -> kok-Latn
locale/exemplar/characters/punctuation/v1, ug, 116B, 62B, 763d4d1e6781030
locale/exemplar/characters/punctuation/v1, uk, 146B, 92B, 2fbe8e2870e0eae8
locale/exemplar/characters/punctuation/v1, und, 98B, 44B, 90d312a97020e1c3
locale/exemplar/characters/punctuation/v1, ur, 116B, 62B, aa0365e7bedfc97e
locale/exemplar/characters/punctuation/v1, uz, -> af
locale/exemplar/characters/punctuation/v1, vec, 152B, 98B, 5a62949b8c94d5ae
locale/exemplar/characters/punctuation/v1, vi, -> af
locale/exemplar/characters/punctuation/v1, vmw, 134B, 80B, e3fd275b086804d6
locale/exemplar/characters/punctuation/v1, xh, -> af
locale/exemplar/characters/punctuation/v1, xnr, 116B, 62B, fefb130270a75ea0
locale/exemplar/characters/punctuation/v1, yo, 128B, 74B, 9e2d059d59e70b64
locale/exemplar/characters/punctuation/v1, yrl, -> ast
locale/exemplar/characters/punctuation/v1, yue, 296B, 243B, c253935e7d69dfc0
locale/exemplar/characters/punctuation/v1, yue-Hans, 296B, 243B, 6f5dc7c33d9cb214
locale/exemplar/characters/punctuation/v1, za, -> af
locale/exemplar/characters/punctuation/v1, zh, 194B, 141B, 20b2b9bed2f9a6ff
locale/exemplar/characters/punctuation/v1, zh-Hant, -> yue
locale/likely/subtags/extended/v1, <singleton>, 72738B, 72471B, 4eda8a3670eace63
locale/likely/subtags/language/v1, <singleton>, 2440B, 2301B, faed3c3a8af59151
locale/likely/subtags/script/region/v1, <singleton>, 3284B, 3152B, f3ebaca57ac48d2d
locale/parents/v1, <singleton>, 2941B, 2897B, ab9253c648d0b632
locale/script/direction/v1, <singleton>, 756B, 712B, f564e6942ca6b4fd
