calendar/japanese@1, und, 548B, c92e78b0ad301581d8636f23aaf2bd2ecfb544e1a13ea9c192646e35888ac732
calendar/japanext@1, und, 25813B, 1708bfe416fc158b7ce1559db708020ad0597423c17d87c781605b72afc3c19d
collator/data@1, bn, 4738B, 4ba3e1c208f7ced733e4d09a7631d0acdb5a317e408972a441f5212e2118edda
collator/data@1, es, 4084B, cfeeccc174a2ba5ff5290c89b9350500e7ca2c49c1061f4d08a490a48cc1f14d
collator/data@1, es-u-co-trad, 4421B, 4313eb10dd3db8b954c623adf85749c60118fa4c57e5074540765986dfa35aab
collator/data@1, ja, 299550B, aa6fc964539c885e4d99972e451a25c5ca0d0fc34baa2e2fb3bd7850068585c1
collator/data@1, th, 5325B, d92c2696484fdea987d2d1dd2a5c440a2cf61d5d748a66d814309e49baad1822
collator/data@1, tr, 5410B, d70451fec0f294e1fe4682dd6a0aa2bb67d9cdc9bb48a82ebf7076e260c11475
collator/data@1, und, 543755B, 8fd6b9dcbf203bc0eb88929bb0589349262d2cc7999b6488757322ae6e310811
collator/dia@1, und, 879B, 2a37a5a8f3fc854c1b13bd872106df2d92e7456dc3847d154109b7c98391d059
collator/jamo@1, und, 3810B, 661617904db4d305e2f37cbc13265ccda1ad3ef70997d9e35011c6ca8cde16e4
collator/meta@1, bn, 17B, 510d82ba082bc5ec7c9b25738ab86ac7463acd72037c41f42ad03de7f3d63a02
collator/meta@1, es, 16B, 40b3fc0b6431921e9ef77020cbb202edb5d7212588209179603fc3c3db305328
collator/meta@1, es-u-co-trad, 16B, 40b3fc0b6431921e9ef77020cbb202edb5d7212588209179603fc3c3db305328
collator/meta@1, ja, 17B, 510d82ba082bc5ec7c9b25738ab86ac7463acd72037c41f42ad03de7f3d63a02
collator/meta@1, th, 18B, 70bf59b77936f899699f83606c1618a97206a2ba871657102b272fbad8bd3752
collator/meta@1, tr, 16B, 40b3fc0b6431921e9ef77020cbb202edb5d7212588209179603fc3c3db305328
collator/meta@1, und, 16B, 75fd31bd2610b7bb591e6816580dc3a319d2db0c7127be1c9f1e7e7eaabd553d
collator/prim@1, und, 94B, 6cb436f4a772a2512f63d5c0fa9a004af76cefb02737a438865c6f4ddc009d3a
collator/reord@1, bn, 2298B, e6d9e14f9b89e321e4f600bbcaf61fcf4505cce659779a1b9fb75d91bc0b8377
collator/reord@1, ja, 2281B, f2f72df03dada6da2354056f82b6508632ad8a5aba825e6365c6c4356ed482d7
collator/reord@1, th, 2282B, 21ba21c536e9208f502ed205e16da58920dfe1fc1fa5c04110b8099e56d85074
core/helloworld@1, bn, 45B, 73fbb6436bef1256c13f401ebcd6d3ac2df63a885f68073375139ea1c87c875f
core/helloworld@1, en, 31B, 51dae8b726b73af2a08428d5a068bf1fa2f95ccf2bedb55545222ae27c35d7be
core/helloworld@1, ja, 41B, cc12b67e983566343e5ca4d193753ed34c7493952a24ca6d9a752d5ba4080dc2
core/helloworld@1, ru, 40B, 5e1591de56258fcd925675f8f9548f69c09e50fba8239ee20348c6f134e0d652
datetime/buddhist/datelengths@1, ar, 291B, 058dd3f41bf4dcb7cdd79f0fe81046cc029623cb266e8ef914f148d8df63f496
datetime/buddhist/datelengths@1, ar-EG, 291B, 058dd3f41bf4dcb7cdd79f0fe81046cc029623cb266e8ef914f148d8df63f496
datetime/buddhist/datelengths@1, bn, 261B, 9342743b9369283aa27c8db9535c656f1ba4751dd907b1c03ad6e844c466c3e6
datetime/buddhist/datelengths@1, ccp, 261B, 9342743b9369283aa27c8db9535c656f1ba4751dd907b1c03ad6e844c466c3e6
datetime/buddhist/datelengths@1, en, 273B, 7cf88bd5b2c0ecc48bc8f627560ee96831a8b57f8f13635a1ef4419cba17d798
datetime/buddhist/datelengths@1, en-001, 272B, 62bb7dd8bffb93c8e5c324cd7dc0ceec4807312e4bb02a1e9167e4bfd59be709
datetime/buddhist/datelengths@1, en-ZA, 275B, 9696c445740d7ade5bf93331a0f3d6643f87db698fa2dfa9afae0df284e84d30
datetime/buddhist/datelengths@1, es, 292B, dd5eaa3f80e12763bfd233ac610afe26139a0a573309370b81f78ef778fd1c76
datetime/buddhist/datelengths@1, es-AR, 290B, 5acc918d97cda044121550ba0277edb546e1876cb5bcc7f87b1edfa48f491c27
datetime/buddhist/datelengths@1, fil, 277B, 3990386399f2538eb8efb5adfc4bbfc5d62ef2207c7b049a25c32d3279c2828e
datetime/buddhist/datelengths@1, fr, 265B, a33fea6f0c375cb1b2faeae07e352ebcc5862d9ca13d9ee31dcd86d78a6ae1ea
datetime/buddhist/datelengths@1, ja, 264B, 87f13361c86cafff2ee92abbf928ed9123e53232d02a5eb685cc593023b31710
datetime/buddhist/datelengths@1, ru, 272B, 6fd0859c4ef366f070ab33f8d5bedd77dbb0b7061295ec12b7291a02adb5f408
datetime/buddhist/datelengths@1, sr, 263B, c70a778eff34820162838faf7d19760cf7c91320100fc9170cacf6e1f9cf7904
datetime/buddhist/datelengths@1, sr-Cyrl, 263B, c70a778eff34820162838faf7d19760cf7c91320100fc9170cacf6e1f9cf7904
datetime/buddhist/datelengths@1, sr-Latn, 263B, c70a778eff34820162838faf7d19760cf7c91320100fc9170cacf6e1f9cf7904
datetime/buddhist/datelengths@1, th, 257B, 2068ac516c25c6659e65f7b2219bb3e21939c425e6eb2375396408752aa55657
datetime/buddhist/datelengths@1, tr, 258B, 3440f8d0ac5328d53e366a4752ffbdc713e8a2ac9ef042269f6035f180e2a0bb
datetime/buddhist/datelengths@1, und, 260B, 8e9fc2b298984df88870b00794975f2e1b35e77ff9d128fdb0178f35af9dedcd
datetime/buddhist/datesymbols@1, ar, 1978B, cdb567fce0e202ff8180e60b76a21129d782cc71f497e7e2d78b05ad3157ba45
datetime/buddhist/datesymbols@1, ar-EG, 1978B, cdb567fce0e202ff8180e60b76a21129d782cc71f497e7e2d78b05ad3157ba45
datetime/buddhist/datesymbols@1, bn, 2779B, 65b052d3f7ae3ccef6d4ae6adb9b881841132907c4f324861de617af110dcb99
datetime/buddhist/datesymbols@1, ccp, 4015B, 5329340b376ca208c8f12c468e17f826285522022e760e9da15f012654bde0d9
datetime/buddhist/datesymbols@1, en, 1635B, 0b763632dd1bae2f308b60574a0d474bb7b8201598dfa66ec69be4326b89244d
datetime/buddhist/datesymbols@1, en-001, 1636B, 9a8057f4522c119fb7a645750b461d19d883815e01e270c9d9819d1a31d8b95a
datetime/buddhist/datesymbols@1, en-ZA, 1636B, 9a8057f4522c119fb7a645750b461d19d883815e01e270c9d9819d1a31d8b95a
datetime/buddhist/datesymbols@1, es, 1639B, a032e5bb39186e140e41c8256755865aacc44b904cc4ba3ae2e6a4f07de03563
datetime/buddhist/datesymbols@1, es-AR, 1639B, 6f8db510b25893f370432967a80093f32c7ea76bf1651b7b6a0aecd3d1086ca1
datetime/buddhist/datesymbols@1, fil, 1998B, 53a00b10486cb49f27d7148d6fe79c1731f36b3a2b61305efacf9e5d4e13e325
datetime/buddhist/datesymbols@1, fr, 1673B, 48cca28e6a65d8dca3c553237cf4f0ddba037ef1f4d63b78445ae544295c4212
datetime/buddhist/datesymbols@1, ja, 1668B, 5e5ff3a8de9689e85fbc3a7238f74db4541b88ad1e7918f80058f88f6d7f6e24
datetime/buddhist/datesymbols@1, ru, 2615B, 741df4064db583371f354e1d9fc580dde2f85244e4ea213214d2dd180765ac0c
datetime/buddhist/datesymbols@1, sr, 1835B, 79b1405ca2b536fbe1774e9b4f9a487a184940824c66d24729225a8aec53343b
datetime/buddhist/datesymbols@1, sr-Cyrl, 1835B, 79b1405ca2b536fbe1774e9b4f9a487a184940824c66d24729225a8aec53343b
datetime/buddhist/datesymbols@1, sr-Latn, 1631B, 01e06bfc11a32aa24627212372fe01a6b33480f418e66e051544e7f9903815ef
datetime/buddhist/datesymbols@1, th, 2207B, 8ae1c3f18049aae9dbe9d1878ecd917dcf19020ba9d257e9c57b2d58b53255f5
datetime/buddhist/datesymbols@1, tr, 1637B, 1a31c385d4f5b0c3cbe5d031ba0c69a6103b9140dc63f4aa20bc9b6a116734b7
datetime/buddhist/datesymbols@1, und, 1578B, e6e42ee32ae47a44cb6fe0d5aa9b6e1bb7af3909bae74af9d2e37763e7bc9515
datetime/coptic/datelengths@1, ar, 291B, 058dd3f41bf4dcb7cdd79f0fe81046cc029623cb266e8ef914f148d8df63f496
datetime/coptic/datelengths@1, ar-EG, 291B, 058dd3f41bf4dcb7cdd79f0fe81046cc029623cb266e8ef914f148d8df63f496
datetime/coptic/datelengths@1, bn, 261B, 9342743b9369283aa27c8db9535c656f1ba4751dd907b1c03ad6e844c466c3e6
datetime/coptic/datelengths@1, ccp, 261B, 9342743b9369283aa27c8db9535c656f1ba4751dd907b1c03ad6e844c466c3e6
datetime/coptic/datelengths@1, en, 273B, 7cf88bd5b2c0ecc48bc8f627560ee96831a8b57f8f13635a1ef4419cba17d798
datetime/coptic/datelengths@1, en-001, 272B, 62bb7dd8bffb93c8e5c324cd7dc0ceec4807312e4bb02a1e9167e4bfd59be709
datetime/coptic/datelengths@1, en-ZA, 275B, 9696c445740d7ade5bf93331a0f3d6643f87db698fa2dfa9afae0df284e84d30
datetime/coptic/datelengths@1, es, 292B, dd5eaa3f80e12763bfd233ac610afe26139a0a573309370b81f78ef778fd1c76
datetime/coptic/datelengths@1, es-AR, 290B, 5acc918d97cda044121550ba0277edb546e1876cb5bcc7f87b1edfa48f491c27
datetime/coptic/datelengths@1, fil, 277B, 3990386399f2538eb8efb5adfc4bbfc5d62ef2207c7b049a25c32d3279c2828e
datetime/coptic/datelengths@1, fr, 265B, a33fea6f0c375cb1b2faeae07e352ebcc5862d9ca13d9ee31dcd86d78a6ae1ea
datetime/coptic/datelengths@1, ja, 266B, 27a8545154fd87b7b743501ff2c033497011840d8c36cfb1ad9e802ad7692d89
datetime/coptic/datelengths@1, ru, 272B, 6fd0859c4ef366f070ab33f8d5bedd77dbb0b7061295ec12b7291a02adb5f408
datetime/coptic/datelengths@1, sr, 263B, c70a778eff34820162838faf7d19760cf7c91320100fc9170cacf6e1f9cf7904
datetime/coptic/datelengths@1, sr-Cyrl, 263B, c70a778eff34820162838faf7d19760cf7c91320100fc9170cacf6e1f9cf7904
datetime/coptic/datelengths@1, sr-Latn, 263B, c70a778eff34820162838faf7d19760cf7c91320100fc9170cacf6e1f9cf7904
datetime/coptic/datelengths@1, th, 262B, 7c38bcf4c25a3846d9a7f5cf26348203d41ef0a5ba69e4b7c588deaae64eccf8
datetime/coptic/datelengths@1, tr, 258B, 3440f8d0ac5328d53e366a4752ffbdc713e8a2ac9ef042269f6035f180e2a0bb
datetime/coptic/datelengths@1, und, 260B, 8e9fc2b298984df88870b00794975f2e1b35e77ff9d128fdb0178f35af9dedcd
datetime/coptic/datesymbols@1, ar, 2306B, 572c82084ad5361a0eeda0230bf69ceab156665c3a4e166b27f5c75e8be1901f
datetime/coptic/datesymbols@1, ar-EG, 2306B, 572c82084ad5361a0eeda0230bf69ceab156665c3a4e166b27f5c75e8be1901f
datetime/coptic/datesymbols@1, bn, 2654B, dafdd6d586959a4370910d7ad6b621baaa0a8c2300588036714420af1439c362
datetime/coptic/datesymbols@1, ccp, 2559B, 68c54184f1ccac57c76790a7b710627c82db9bfc809869436b10cbdebc1a4e7b
datetime/coptic/datesymbols@1, en, 2035B, 14452bb65edebc973d79c591918eae91628496e59ed20f0e039bd1b272162b1c
datetime/coptic/datesymbols@1, en-001, 2035B, 14452bb65edebc973d79c591918eae91628496e59ed20f0e039bd1b272162b1c
datetime/coptic/datesymbols@1, en-ZA, 2035B, 14452bb65edebc973d79c591918eae91628496e59ed20f0e039bd1b272162b1c
datetime/coptic/datesymbols@1, es, 2035B, 992a153d3de937d51287427a6e51b5c912725ffab792e38384f6535ca1c503ca
datetime/coptic/datesymbols@1, es-AR, 2035B, 5cb25f9dcb1a705513e543741d4e5a79aaf9597b15a546392a892890879083b6
datetime/coptic/datesymbols@1, fil, 2047B, 685f9f0033c7eb03fcb2716606dca1e289242cadc5fb57384185bb33c212c933
datetime/coptic/datesymbols@1, fr, 2083B, fc815a5e7a5b036f1387c3506b4abbdae2c933c3ce8dc1106b7b3ce15277cb02
datetime/coptic/datesymbols@1, ja, 2233B, 5281af48944affb595d19135e5280a52ca36c4d497b518e55b037a4eb89894ad
datetime/coptic/datesymbols@1, ru, 2335B, a8726687ee893b774934230cde9e31103e9faf2b5f427ebf9903a2f1ae87afca
datetime/coptic/datesymbols@1, sr, 2243B, c4cc04b021eac75c31b14087c50827100ce0d053e18f0902e37f0b59f216a308
datetime/coptic/datesymbols@1, sr-Cyrl, 2243B, c4cc04b021eac75c31b14087c50827100ce0d053e18f0902e37f0b59f216a308
datetime/coptic/datesymbols@1, sr-Latn, 2032B, 80f0a4c1de93f969567282675366cf52890d6510fbf86db8b9017ce831d0eff3
datetime/coptic/datesymbols@1, th, 2541B, b4991d499405bd12d7773b87c76d0c5e0fc34a19012e6b82764172323f67f729
datetime/coptic/datesymbols@1, tr, 2045B, b4605315e034bc52d25e15737ffbe611b8cae6b49c7e43937d5a40f76a937e80
datetime/coptic/datesymbols@1, und, 2013B, 733107cfd24742addbbd4f574e644fbc24b95bc3c532419acb969ec911159198
datetime/ethiopic/datelengths@1, ar, 291B, 058dd3f41bf4dcb7cdd79f0fe81046cc029623cb266e8ef914f148d8df63f496
datetime/ethiopic/datelengths@1, ar-EG, 291B, 058dd3f41bf4dcb7cdd79f0fe81046cc029623cb266e8ef914f148d8df63f496
datetime/ethiopic/datelengths@1, bn, 261B, 9342743b9369283aa27c8db9535c656f1ba4751dd907b1c03ad6e844c466c3e6
datetime/ethiopic/datelengths@1, ccp, 261B, 9342743b9369283aa27c8db9535c656f1ba4751dd907b1c03ad6e844c466c3e6
datetime/ethiopic/datelengths@1, en, 273B, 7cf88bd5b2c0ecc48bc8f627560ee96831a8b57f8f13635a1ef4419cba17d798
datetime/ethiopic/datelengths@1, en-001, 272B, 62bb7dd8bffb93c8e5c324cd7dc0ceec4807312e4bb02a1e9167e4bfd59be709
datetime/ethiopic/datelengths@1, en-ZA, 275B, 9696c445740d7ade5bf93331a0f3d6643f87db698fa2dfa9afae0df284e84d30
datetime/ethiopic/datelengths@1, es, 292B, dd5eaa3f80e12763bfd233ac610afe26139a0a573309370b81f78ef778fd1c76
datetime/ethiopic/datelengths@1, es-AR, 290B, 5acc918d97cda044121550ba0277edb546e1876cb5bcc7f87b1edfa48f491c27
datetime/ethiopic/datelengths@1, fil, 277B, 3990386399f2538eb8efb5adfc4bbfc5d62ef2207c7b049a25c32d3279c2828e
datetime/ethiopic/datelengths@1, fr, 265B, a33fea6f0c375cb1b2faeae07e352ebcc5862d9ca13d9ee31dcd86d78a6ae1ea
datetime/ethiopic/datelengths@1, ja, 266B, 27a8545154fd87b7b743501ff2c033497011840d8c36cfb1ad9e802ad7692d89
datetime/ethiopic/datelengths@1, ru, 272B, 6fd0859c4ef366f070ab33f8d5bedd77dbb0b7061295ec12b7291a02adb5f408
datetime/ethiopic/datelengths@1, sr, 263B, c70a778eff34820162838faf7d19760cf7c91320100fc9170cacf6e1f9cf7904
datetime/ethiopic/datelengths@1, sr-Cyrl, 263B, c70a778eff34820162838faf7d19760cf7c91320100fc9170cacf6e1f9cf7904
datetime/ethiopic/datelengths@1, sr-Latn, 263B, c70a778eff34820162838faf7d19760cf7c91320100fc9170cacf6e1f9cf7904
datetime/ethiopic/datelengths@1, th, 262B, 7c38bcf4c25a3846d9a7f5cf26348203d41ef0a5ba69e4b7c588deaae64eccf8
datetime/ethiopic/datelengths@1, tr, 258B, 3440f8d0ac5328d53e366a4752ffbdc713e8a2ac9ef042269f6035f180e2a0bb
datetime/ethiopic/datelengths@1, und, 260B, 8e9fc2b298984df88870b00794975f2e1b35e77ff9d128fdb0178f35af9dedcd
datetime/ethiopic/datesymbols@1, ar, 2384B, 59441a1f29eab9d21636f1e02f58f536265662b7944cbe9052c7088de40a2f9c
datetime/ethiopic/datesymbols@1, ar-EG, 2384B, 59441a1f29eab9d21636f1e02f58f536265662b7944cbe9052c7088de40a2f9c
datetime/ethiopic/datesymbols@1, bn, 2825B, 4a1ecce1174eca2c0f72dd8b888c321f6c5adbaa3c24e0e58436bd4262042e5b
datetime/ethiopic/datesymbols@1, ccp, 2670B, 6e1eec01bc927453a62969508501e9e8c4c2962e64afb964ecdcd986fcabfaaa
datetime/ethiopic/datesymbols@1, en, 2146B, af8d44ae6e188ccfbbd673d4d0a0c716e9337dc80e2b9bd183b5668ac80d38bb
datetime/ethiopic/datesymbols@1, en-001, 2146B, af8d44ae6e188ccfbbd673d4d0a0c716e9337dc80e2b9bd183b5668ac80d38bb
datetime/ethiopic/datesymbols@1, en-ZA, 2146B, af8d44ae6e188ccfbbd673d4d0a0c716e9337dc80e2b9bd183b5668ac80d38bb
datetime/ethiopic/datesymbols@1, es, 2146B, c449eb16c57dd1ff0af78cf9e74240d417a44e59c6d539021639104c6a4b5724
datetime/ethiopic/datesymbols@1, es-AR, 2146B, e9b7c83c4af5c2de9a564bccb8ad1cb0b76ab894c9af49559d20141b0f76bf9c
datetime/ethiopic/datesymbols@1, fil, 2158B, 0bdf466793f4a34594368b8fe26cb3e61adbfdbbffab58b55a09a005a0de866e
datetime/ethiopic/datesymbols@1, fr, 2191B, 8f4dbfb5f2254d65bfd55c48b6ac05af540fce3188856fe420e037068fa0724f
datetime/ethiopic/datesymbols@1, ja, 2320B, 408f40db9cdc7d810b400dba8de33f62a6f7a5e824067269aeea03a62aebc62f
datetime/ethiopic/datesymbols@1, ru, 2504B, cf6e4c2b694664b7284787525a0a9fd2a313af6ce56f1982d7b93079bfa9c0c3
datetime/ethiopic/datesymbols@1, sr, 2378B, b67c9c7b2c3a2731659ec9c805b689079c6b3332ffa377c42e1217188e9a26fd
datetime/ethiopic/datesymbols@1, sr-Cyrl, 2378B, b67c9c7b2c3a2731659ec9c805b689079c6b3332ffa377c42e1217188e9a26fd
datetime/ethiopic/datesymbols@1, sr-Latn, 2145B, 503693e38c64f1822cb375d3e0b5e80d67839401bc46750775d9267708e5e0b8
datetime/ethiopic/datesymbols@1, th, 2670B, 65c97151d133f40bae5d0461904f6c5a9378dbf861bbabcb107441ed49440b28
datetime/ethiopic/datesymbols@1, tr, 2154B, 46ede0a5d7d87b72ae5068b7090932a3c5757d54f55524f5c124fe4e4d8e780f
datetime/ethiopic/datesymbols@1, und, 2124B, 1a41b2f9924410b8a6e10e2f6777a1f9056f9d956021765838496e046bc05e21
datetime/gregory/datelengths@1, ar, 271B, 1e1826094d86931a5a646e6119fbae558cc4654ab04db43a78ba741bd11b44df
datetime/gregory/datelengths@1, ar-EG, 271B, 1e1826094d86931a5a646e6119fbae558cc4654ab04db43a78ba741bd11b44df
datetime/gregory/datelengths@1, bn, 250B, c0ede9c01200b73e9d98259bfd5bdfbc0467396739d88fd41fbea655d8a22eca
datetime/gregory/datelengths@1, ccp, 250B, c0ede9c01200b73e9d98259bfd5bdfbc0467396739d88fd41fbea655d8a22eca
datetime/gregory/datelengths@1, en, 262B, a607f41d3074fb0f380674b3bf04b3c60f4d78378607e4c08e57e57d2055cefb
datetime/gregory/datelengths@1, en-001, 260B, 92d5060a33617755c2aff244478744462aa83e46737b3ec79929cef2b63a93f9
datetime/gregory/datelengths@1, en-ZA, 263B, 89e1d5ddde194bcf4f069e541992858fb40b84505e5b0f59451458cc475ab685
datetime/gregory/datelengths@1, es, 271B, b42dd12db97d52bead87dc2a2fe02525458dd15aa8164d7aa78068b778a567bb
datetime/gregory/datelengths@1, es-AR, 270B, 68fb1eb93ef88004dd39553b79475fdbd6f41dcdcd7f78b10a6329e43281b055
datetime/gregory/datelengths@1, fil, 266B, 05cc9f266014775ad68477769fd88132a0119643965cbf09762343645c59762a
datetime/gregory/datelengths@1, fr, 254B, 2a8dca0a58df9961003954943aef6aa29cc855e9576e56fe27d8e0b4bf75767f
datetime/gregory/datelengths@1, ja, 254B, 62fcca823d3b981d6c7e89061f6091357c819a6216c58defce6fcc8458b2c5aa
datetime/gregory/datelengths@1, ru, 264B, f3bb768cc23ec246f5b097189d51f1b49a65656b0a098b0b80fea329afdad46a
datetime/gregory/datelengths@1, sr, 253B, 2964d76510fe127c4ec3dd3faf6d0b8f9a7046311d44dfed920a634b413328cc
datetime/gregory/datelengths@1, sr-Cyrl, 253B, 2964d76510fe127c4ec3dd3faf6d0b8f9a7046311d44dfed920a634b413328cc
datetime/gregory/datelengths@1, sr-Latn, 253B, 2964d76510fe127c4ec3dd3faf6d0b8f9a7046311d44dfed920a634b413328cc
datetime/gregory/datelengths@1, th, 259B, 240a883fa3e4d996f737a70f618d7f0bb82426e214334562d47c351c4d95a46a
datetime/gregory/datelengths@1, tr, 246B, 24c2bada9db82a5df9005f233d3ca997291df5958bc3dfc04af8e43442456954
datetime/gregory/datelengths@1, und, 248B, 5eabcf6801adcf3ae6b1ca6bb9af29aaaed93dc427f1e230245d2c8a60c20718
datetime/gregory/datesymbols@1, ar, 2045B, ea7c19860cbd273e259368de66c78488ada6942457daf16ae5868ea489c0bfee
datetime/gregory/datesymbols@1, ar-EG, 2045B, ea7c19860cbd273e259368de66c78488ada6942457daf16ae5868ea489c0bfee
datetime/gregory/datesymbols@1, bn, 3019B, 8b5f3bd6bee9ef8801d0e02172fec904b80ca5a807587fce300aec9098d3ffe1
datetime/gregory/datesymbols@1, ccp, 4360B, 406ddc7bfd151d6382cfdb13fa4836b8af907d9e2f06064fa8ee60a729502793
datetime/gregory/datesymbols@1, en, 1710B, 50d547f5c90286dca14d8588801540331d5643342d5098923221c4e0e376e331
datetime/gregory/datesymbols@1, en-001, 1711B, 31f8d8e5e4cd0514580ba4be85f2786f57f6faf5ff6a3d56d1c17d5df34ccf2e
datetime/gregory/datesymbols@1, en-ZA, 1711B, 31f8d8e5e4cd0514580ba4be85f2786f57f6faf5ff6a3d56d1c17d5df34ccf2e
datetime/gregory/datesymbols@1, es, 1737B, b430db9a84098a7a514ed3d63e37420aacb17c2fdace09f5c522501ec937b455
datetime/gregory/datesymbols@1, es-AR, 1737B, 9651fc1f3ac844bcec3c2ab383ba055d4a75d15c907cc99dc65a75329383717a
datetime/gregory/datesymbols@1, fil, 2075B, 9ba13b105a193c131ceeca3afce6ec9f669aeb312ea0f1daaa3a5a1965ad9924
datetime/gregory/datesymbols@1, fr, 1777B, ece0f60c7aecf3d1939a9443450d0938d31465d7d27ab7314dcad91e29d7e33e
datetime/gregory/datesymbols@1, ja, 1743B, 372d9853a51fe2174875c60f9b384067622560b82af775659707e817150c7ca6
datetime/gregory/datesymbols@1, ru, 2749B, 7ff3af2cf7ef35fcac0b0bc779d5c14d50481632bd4f3e712b90850576298c20
datetime/gregory/datesymbols@1, sr, 1944B, 9afde5b122ce4caea9f734123737a09e363137ddc9766bc031c75628504091f8
datetime/gregory/datesymbols@1, sr-Cyrl, 1944B, 9afde5b122ce4caea9f734123737a09e363137ddc9766bc031c75628504091f8
datetime/gregory/datesymbols@1, sr-Latn, 1719B, f825003f6b93f03241324a8395c4445e825e0be3e0dd309538dd096fda2c8057
datetime/gregory/datesymbols@1, th, 2348B, 330109f491f3a712472a808ef69dad1a757b39bc4a14e82907f759b5f2968fdd
datetime/gregory/datesymbols@1, tr, 1720B, 9e45484b1dad85927d7ac592cc7452771b513eb77ec2889e3bdb02d3cc15d1fd
datetime/gregory/datesymbols@1, und, 1638B, b5a8ed013e42b1bb8191e1434dcca430f5a78e193ca98d1aef64db8cc43d64bc
datetime/indian/datelengths@1, ar, 291B, 058dd3f41bf4dcb7cdd79f0fe81046cc029623cb266e8ef914f148d8df63f496
datetime/indian/datelengths@1, ar-EG, 291B, 058dd3f41bf4dcb7cdd79f0fe81046cc029623cb266e8ef914f148d8df63f496
datetime/indian/datelengths@1, bn, 261B, 9342743b9369283aa27c8db9535c656f1ba4751dd907b1c03ad6e844c466c3e6
datetime/indian/datelengths@1, ccp, 261B, 9342743b9369283aa27c8db9535c656f1ba4751dd907b1c03ad6e844c466c3e6
datetime/indian/datelengths@1, en, 273B, 7cf88bd5b2c0ecc48bc8f627560ee96831a8b57f8f13635a1ef4419cba17d798
datetime/indian/datelengths@1, en-001, 272B, 62bb7dd8bffb93c8e5c324cd7dc0ceec4807312e4bb02a1e9167e4bfd59be709
datetime/indian/datelengths@1, en-ZA, 275B, 9696c445740d7ade5bf93331a0f3d6643f87db698fa2dfa9afae0df284e84d30
datetime/indian/datelengths@1, es, 292B, dd5eaa3f80e12763bfd233ac610afe26139a0a573309370b81f78ef778fd1c76
datetime/indian/datelengths@1, es-AR, 290B, 5acc918d97cda044121550ba0277edb546e1876cb5bcc7f87b1edfa48f491c27
datetime/indian/datelengths@1, fil, 277B, 3990386399f2538eb8efb5adfc4bbfc5d62ef2207c7b049a25c32d3279c2828e
datetime/indian/datelengths@1, fr, 265B, a33fea6f0c375cb1b2faeae07e352ebcc5862d9ca13d9ee31dcd86d78a6ae1ea
datetime/indian/datelengths@1, ja, 266B, 27a8545154fd87b7b743501ff2c033497011840d8c36cfb1ad9e802ad7692d89
datetime/indian/datelengths@1, ru, 272B, 6fd0859c4ef366f070ab33f8d5bedd77dbb0b7061295ec12b7291a02adb5f408
datetime/indian/datelengths@1, sr, 263B, c70a778eff34820162838faf7d19760cf7c91320100fc9170cacf6e1f9cf7904
datetime/indian/datelengths@1, sr-Cyrl, 263B, c70a778eff34820162838faf7d19760cf7c91320100fc9170cacf6e1f9cf7904
datetime/indian/datelengths@1, sr-Latn, 263B, c70a778eff34820162838faf7d19760cf7c91320100fc9170cacf6e1f9cf7904
datetime/indian/datelengths@1, th, 262B, 7c38bcf4c25a3846d9a7f5cf26348203d41ef0a5ba69e4b7c588deaae64eccf8
datetime/indian/datelengths@1, tr, 258B, 3440f8d0ac5328d53e366a4752ffbdc713e8a2ac9ef042269f6035f180e2a0bb
datetime/indian/datelengths@1, und, 260B, 8e9fc2b298984df88870b00794975f2e1b35e77ff9d128fdb0178f35af9dedcd
datetime/indian/datesymbols@1, ar, 1870B, 4f768d8950433019d09f74a5e4c79f98f52bf79f6fe37386c7e0b6c45330da37
datetime/indian/datesymbols@1, ar-EG, 1870B, 4f768d8950433019d09f74a5e4c79f98f52bf79f6fe37386c7e0b6c45330da37
datetime/indian/datesymbols@1, bn, 2234B, 08e1e3a7f8b65b3c27aacbe7b47df9ec2416a14f7bade86e6e5ae0bc00454032
datetime/indian/datesymbols@1, ccp, 2557B, 8598b4d6628347aac52083bc7c3744d849be1080c7cf34cef59a5a86d65d4557
datetime/indian/datesymbols@1, en, 1706B, fbe053cbc784993395c319ef090aea03fbc6c84047d413aefa14b198397eb936
datetime/indian/datesymbols@1, en-001, 1706B, fbe053cbc784993395c319ef090aea03fbc6c84047d413aefa14b198397eb936
datetime/indian/datesymbols@1, en-ZA, 1706B, fbe053cbc784993395c319ef090aea03fbc6c84047d413aefa14b198397eb936
datetime/indian/datesymbols@1, es, 1706B, bb22503951f30dcfb56b722b53e0391e559ac59b9334202cb2143373f6f634ca
datetime/indian/datesymbols@1, es-AR, 1706B, ba5465c8afa661eb017455e9b0562cfce4b2d472b69a7c0dbfb2062cd0dc3cc6
datetime/indian/datesymbols@1, fil, 1718B, cd35ed48d7538445e19beacba8b5dae11332ca41b003aeacf0ca1cf4d83d0ddc
datetime/indian/datesymbols@1, fr, 1708B, 142f44053fc05dcd532c79ab3d814f293649989951c3e04e0ae88ba53c52df3d
datetime/indian/datesymbols@1, ja, 1886B, 6da98025c39ba28bb7c5675d15aa9372296673f1fb2c07eb31a2bd253e1d68b4
datetime/indian/datesymbols@1, ru, 1968B, 527da682540a06b49f0c68d381f03f5a9972fcc9ef00960a3644e02c04753b42
datetime/indian/datesymbols@1, sr, 1930B, fed8d6a57a8781c4c43f069cdf51402e433b1ef829e154cea2c9cf02890f1f9a
datetime/indian/datesymbols@1, sr-Cyrl, 1930B, fed8d6a57a8781c4c43f069cdf51402e433b1ef829e154cea2c9cf02890f1f9a
datetime/indian/datesymbols@1, sr-Latn, 1691B, 28d3823d03540a50a49584c13d1e3d7f89e6da88fb48c4c91635b01e4ec61e4f
datetime/indian/datesymbols@1, th, 2140B, 0c137540f2dd2be519bec12d18e880850215bf868e8ff5a54ea6afed06590efc
datetime/indian/datesymbols@1, tr, 1710B, 4ba43c9cf076d963cd4ce8df44bfed42b067da97c08a3b0140f57ab4a1dc2459
datetime/indian/datesymbols@1, und, 1684B, 51779c71cee88e41cda6a9c79293e331207afaae3d8f1f3fe7f98a5a8d8f0c5f
datetime/japanese/datelengths@1, ar, 291B, 058dd3f41bf4dcb7cdd79f0fe81046cc029623cb266e8ef914f148d8df63f496
datetime/japanese/datelengths@1, ar-EG, 291B, 058dd3f41bf4dcb7cdd79f0fe81046cc029623cb266e8ef914f148d8df63f496
datetime/japanese/datelengths@1, bn, 261B, 9342743b9369283aa27c8db9535c656f1ba4751dd907b1c03ad6e844c466c3e6
datetime/japanese/datelengths@1, ccp, 261B, 9342743b9369283aa27c8db9535c656f1ba4751dd907b1c03ad6e844c466c3e6
datetime/japanese/datelengths@1, en, 273B, 7cf88bd5b2c0ecc48bc8f627560ee96831a8b57f8f13635a1ef4419cba17d798
datetime/japanese/datelengths@1, en-001, 273B, 7cf88bd5b2c0ecc48bc8f627560ee96831a8b57f8f13635a1ef4419cba17d798
datetime/japanese/datelengths@1, en-ZA, 273B, 7cf88bd5b2c0ecc48bc8f627560ee96831a8b57f8f13635a1ef4419cba17d798
datetime/japanese/datelengths@1, es, 289B, 3c13c4b6bc93514d09b15415464657784e91b2ba57be0cd2ceda17d5e1318ebc
datetime/japanese/datelengths@1, es-AR, 287B, c737b153ed411452875f8faf562ba6a6d3ba1ae6a2479ad22bb527702ad7a69f
datetime/japanese/datelengths@1, fil, 277B, 3990386399f2538eb8efb5adfc4bbfc5d62ef2207c7b049a25c32d3279c2828e
datetime/japanese/datelengths@1, fr, 259B, d6e1ffd3c8111242380a81e00daa3b2015e6083194ab0029bece840d6dd6d2d0
datetime/japanese/datelengths@1, ja, 265B, 19d6bb11c355b06e2edea48bbab17739fcab03831d83ad40d47c2e9765083f84
datetime/japanese/datelengths@1, ru, 272B, 6fd0859c4ef366f070ab33f8d5bedd77dbb0b7061295ec12b7291a02adb5f408
datetime/japanese/datelengths@1, sr, 258B, deb35ebc9f3e0881164737501d57e14f2738dcb39f0f90e2997e85e9bcf06e25
datetime/japanese/datelengths@1, sr-Cyrl, 258B, deb35ebc9f3e0881164737501d57e14f2738dcb39f0f90e2997e85e9bcf06e25
datetime/japanese/datelengths@1, sr-Latn, 258B, deb35ebc9f3e0881164737501d57e14f2738dcb39f0f90e2997e85e9bcf06e25
datetime/japanese/datelengths@1, th, 284B, b7e91f6e2762040999e30d40f39b763b846e372be0fdc03385bf3edff414b69b
datetime/japanese/datelengths@1, tr, 254B, 7ca00e4662e50bba3d2892956e7412f76068597b1442826a1ac29ade7921a521
datetime/japanese/datelengths@1, und, 260B, 8e9fc2b298984df88870b00794975f2e1b35e77ff9d128fdb0178f35af9dedcd
datetime/japanese/datesymbols@1, ar, 2421B, e78abffca87ef2869222e245847d4fc5ffd4582068b413d6fe819168ad4b1236
datetime/japanese/datesymbols@1, ar-EG, 2421B, e78abffca87ef2869222e245847d4fc5ffd4582068b413d6fe819168ad4b1236
datetime/japanese/datesymbols@1, bn, 3373B, 58d44e184ced4acdb7e65fc4ec8baf2a9cfb1eaf03c8a01cdef8e5d621b219d7
datetime/japanese/datesymbols@1, ccp, 4714B, 2f8f781ec2ec56dc16b3da59c8e3b6ac5d0581917be0088a6cc8641a8caaab28
datetime/japanese/datesymbols@1, en, 2064B, d2a66e62579dd3e8b893952461cf89e979aecf03b8ecebac87399d0af02c041d
datetime/japanese/datesymbols@1, en-001, 2065B, 4892ee5a9e0d5fd4386c965dab14d20cfa6abeeaf51578bb10bd1cc3bad85746
datetime/japanese/datesymbols@1, en-ZA, 2065B, 4892ee5a9e0d5fd4386c965dab14d20cfa6abeeaf51578bb10bd1cc3bad85746
datetime/japanese/datesymbols@1, es, 2091B, d0100f188a35b67514bd956a0d68bb4557c690637ea8dfa1d770d8d423274098
datetime/japanese/datesymbols@1, es-AR, 2091B, 0be92215d3738a28a6d9a7b5e3797724301555b74a029570cbd404c98de59184
datetime/japanese/datesymbols@1, fil, 2429B, a7e4250fb430fb7553a3fc10264c26203491c489ac55d5a6f7258a3247ff9d74
datetime/japanese/datesymbols@1, fr, 2131B, abbdb4643f223e10a323d1627fb7b3324ada7e136bb85aeaa808d66c299b99ac
datetime/japanese/datesymbols@1, ja, 2099B, c2b4623aa3762738d92ce346ad76371bc13f91ac1913adeb8ca4efcbe5d8f75e
datetime/japanese/datesymbols@1, ru, 3223B, 46181a79b9ba011a414f8505a94fdd4750cc78969f00f84f14c0188debfb0c21
datetime/japanese/datesymbols@1, sr, 2340B, dcdf7b2ba206032b5a99c1ef487721a197f701c58bd1e662e0ff6dfa3eb97cbc
datetime/japanese/datesymbols@1, sr-Cyrl, 2340B, dcdf7b2ba206032b5a99c1ef487721a197f701c58bd1e662e0ff6dfa3eb97cbc
datetime/japanese/datesymbols@1, sr-Latn, 2071B, a4dd58c50a82dce26a46d0fc7886b141cfbb29e7c0a9da55fef27afa53f7167b
datetime/japanese/datesymbols@1, th, 2776B, 3c315194ad6562effee441cc9f8913145715b31d77c8241d342511af524ed346
datetime/japanese/datesymbols@1, tr, 2074B, 3a8e73d10e204e77f87f64542741c03afc9fb3b31dd126dcccc1ffbafc0561f2
datetime/japanese/datesymbols@1, und, 1992B, f0c7763be57a90eea8cb1b10a9a33faa9a772bb784b04bae013c002cb31c2520
datetime/japanext/datelengths@1, ar, 291B, 058dd3f41bf4dcb7cdd79f0fe81046cc029623cb266e8ef914f148d8df63f496
datetime/japanext/datelengths@1, ar-EG, 291B, 058dd3f41bf4dcb7cdd79f0fe81046cc029623cb266e8ef914f148d8df63f496
datetime/japanext/datelengths@1, bn, 261B, 9342743b9369283aa27c8db9535c656f1ba4751dd907b1c03ad6e844c466c3e6
datetime/japanext/datelengths@1, ccp, 261B, 9342743b9369283aa27c8db9535c656f1ba4751dd907b1c03ad6e844c466c3e6
datetime/japanext/datelengths@1, en, 273B, 7cf88bd5b2c0ecc48bc8f627560ee96831a8b57f8f13635a1ef4419cba17d798
datetime/japanext/datelengths@1, en-001, 273B, 7cf88bd5b2c0ecc48bc8f627560ee96831a8b57f8f13635a1ef4419cba17d798
datetime/japanext/datelengths@1, en-ZA, 273B, 7cf88bd5b2c0ecc48bc8f627560ee96831a8b57f8f13635a1ef4419cba17d798
datetime/japanext/datelengths@1, es, 289B, 3c13c4b6bc93514d09b15415464657784e91b2ba57be0cd2ceda17d5e1318ebc
datetime/japanext/datelengths@1, es-AR, 287B, c737b153ed411452875f8faf562ba6a6d3ba1ae6a2479ad22bb527702ad7a69f
datetime/japanext/datelengths@1, fil, 277B, 3990386399f2538eb8efb5adfc4bbfc5d62ef2207c7b049a25c32d3279c2828e
datetime/japanext/datelengths@1, fr, 259B, d6e1ffd3c8111242380a81e00daa3b2015e6083194ab0029bece840d6dd6d2d0
datetime/japanext/datelengths@1, ja, 265B, 19d6bb11c355b06e2edea48bbab17739fcab03831d83ad40d47c2e9765083f84
datetime/japanext/datelengths@1, ru, 272B, 6fd0859c4ef366f070ab33f8d5bedd77dbb0b7061295ec12b7291a02adb5f408
datetime/japanext/datelengths@1, sr, 258B, deb35ebc9f3e0881164737501d57e14f2738dcb39f0f90e2997e85e9bcf06e25
datetime/japanext/datelengths@1, sr-Cyrl, 258B, deb35ebc9f3e0881164737501d57e14f2738dcb39f0f90e2997e85e9bcf06e25
datetime/japanext/datelengths@1, sr-Latn, 258B, deb35ebc9f3e0881164737501d57e14f2738dcb39f0f90e2997e85e9bcf06e25
datetime/japanext/datelengths@1, th, 284B, b7e91f6e2762040999e30d40f39b763b846e372be0fdc03385bf3edff414b69b
datetime/japanext/datelengths@1, tr, 254B, 7ca00e4662e50bba3d2892956e7412f76068597b1442826a1ac29ade7921a521
datetime/japanext/datelengths@1, und, 260B, 8e9fc2b298984df88870b00794975f2e1b35e77ff9d128fdb0178f35af9dedcd
datetime/japanext/datesymbols@1, ar, 29866B, 13b3f9d7d7860ffd6c8ace1a5fe1d68a690e79f31c55772bffb449ff82ad1567
datetime/japanext/datesymbols@1, ar-EG, 29866B, 13b3f9d7d7860ffd6c8ace1a5fe1d68a690e79f31c55772bffb449ff82ad1567
datetime/japanext/datesymbols@1, bn, 34006B, 96ccb7a5bee47de24b9d24d3d722d1b106e69e9aa55c5419c2f7ad38a1157555
datetime/japanext/datesymbols@1, ccp, 35347B, 0534284a8ef2cbeaf7de273f35f8434c189e34aa5ad9528e39601478e2c89de9
datetime/japanext/datesymbols@1, en, 32697B, de1f37c0913685fb9c5e67a8e1a2c90dbc65c37173f00900f0ece72a3285adff
datetime/japanext/datesymbols@1, en-001, 32698B, fc4b38739b00a4c82c636c0f098bc93c4f69e484212c662eba71713359877a4e
datetime/japanext/datesymbols@1, en-ZA, 32698B, fc4b38739b00a4c82c636c0f098bc93c4f69e484212c662eba71713359877a4e
datetime/japanext/datesymbols@1, es, 32724B, b2c78401b9d0f845eeaf72359c07d1e7833d4ad55c348b6ef10536fb5e4031d0
datetime/japanext/datesymbols@1, es-AR, 32724B, 13e3e7aa2df10f7f40285691228b49838f1047b9cc29bb35d588d35e2a3289a4
datetime/japanext/datesymbols@1, fil, 33062B, b8a1d885c24bb7fbab5603223aa55e602ae20355631479bc39b04ba49dc32e57
datetime/japanext/datesymbols@1, fr, 32764B, 01068bb63848d3bc3c91acacb541075c9fdb3a007947d283b50dc64ac78f605e
datetime/japanext/datesymbols@1, ja, 23198B, 6b0e9c9d028da5f9865403c0a6e747833e348cd4c42acc68f630544a1c1847ab
datetime/japanext/datesymbols@1, ru, 40894B, 58237df0e6c86fb8ff7d728c9f8a742d35a0ba1181af30a0aba6c7c7dd4f3cc9
datetime/japanext/datesymbols@1, sr, 34771B, a45baa3c64aa0edf29a494495cba23f98aefe60d22454b5a9654ce1c0b271203
datetime/japanext/datesymbols@1, sr-Cyrl, 34771B, a45baa3c64aa0edf29a494495cba23f98aefe60d22454b5a9654ce1c0b271203
datetime/japanext/datesymbols@1, sr-Latn, 32318B, 5124f0c7f20bed7d8fdf9031ec0d73568f067e056745b6d7efac303f50fe6648
datetime/japanext/datesymbols@1, th, 38907B, 1c790d2f348bcd0793393a4e5098824442cd6d04964132125c6ac3aa7d5c9f80
datetime/japanext/datesymbols@1, tr, 32707B, ce567a76fb726a8a29b5685c42161e14dd087152a9757ac7d518301c49e94b09
datetime/japanext/datesymbols@1, und, 32625B, 56dfd3911502117784d719b9a1ad8325abc801a73766be4dc0667c3257eb47a6
datetime/skeletons@1, ar-EG-u-ca-buddhist, 736B, 46562d2b3c697c9b8fe2b0fa9a64c0f837de3b88fd039d6bca746e649b0bc703
datetime/skeletons@1, ar-EG-u-ca-coptic, 736B, 46562d2b3c697c9b8fe2b0fa9a64c0f837de3b88fd039d6bca746e649b0bc703
datetime/skeletons@1, ar-EG-u-ca-ethiopic, 736B, 46562d2b3c697c9b8fe2b0fa9a64c0f837de3b88fd039d6bca746e649b0bc703
datetime/skeletons@1, ar-EG-u-ca-gregory, 923B, 0d8907c19dd6050f62e82b3eda646b4dd50cb7f264fd7d0f1a4f64118834cb5f
datetime/skeletons@1, ar-EG-u-ca-indian, 736B, 46562d2b3c697c9b8fe2b0fa9a64c0f837de3b88fd039d6bca746e649b0bc703
datetime/skeletons@1, ar-EG-u-ca-japanese, 736B, 46562d2b3c697c9b8fe2b0fa9a64c0f837de3b88fd039d6bca746e649b0bc703
datetime/skeletons@1, ar-EG-u-ca-japanext, 736B, 46562d2b3c697c9b8fe2b0fa9a64c0f837de3b88fd039d6bca746e649b0bc703
datetime/skeletons@1, ar-u-ca-buddhist, 736B, 46562d2b3c697c9b8fe2b0fa9a64c0f837de3b88fd039d6bca746e649b0bc703
datetime/skeletons@1, ar-u-ca-coptic, 736B, 46562d2b3c697c9b8fe2b0fa9a64c0f837de3b88fd039d6bca746e649b0bc703
datetime/skeletons@1, ar-u-ca-ethiopic, 736B, 46562d2b3c697c9b8fe2b0fa9a64c0f837de3b88fd039d6bca746e649b0bc703
datetime/skeletons@1, ar-u-ca-gregory, 923B, 0d8907c19dd6050f62e82b3eda646b4dd50cb7f264fd7d0f1a4f64118834cb5f
datetime/skeletons@1, ar-u-ca-indian, 736B, 46562d2b3c697c9b8fe2b0fa9a64c0f837de3b88fd039d6bca746e649b0bc703
datetime/skeletons@1, ar-u-ca-japanese, 736B, 46562d2b3c697c9b8fe2b0fa9a64c0f837de3b88fd039d6bca746e649b0bc703
datetime/skeletons@1, ar-u-ca-japanext, 736B, 46562d2b3c697c9b8fe2b0fa9a64c0f837de3b88fd039d6bca746e649b0bc703
datetime/skeletons@1, bn-u-ca-buddhist, 774B, b683647b6ab59889235a53c9aec67815a01890f9eb9d6d7b5faaeaa520f3c7b9
datetime/skeletons@1, bn-u-ca-coptic, 774B, b683647b6ab59889235a53c9aec67815a01890f9eb9d6d7b5faaeaa520f3c7b9
datetime/skeletons@1, bn-u-ca-ethiopic, 774B, b683647b6ab59889235a53c9aec67815a01890f9eb9d6d7b5faaeaa520f3c7b9
datetime/skeletons@1, bn-u-ca-gregory, 907B, 7ba3c9f81da9dcd2d4800b13a284a730a27a8ce405984ebe0d1204a8642c14a5
datetime/skeletons@1, bn-u-ca-indian, 774B, b683647b6ab59889235a53c9aec67815a01890f9eb9d6d7b5faaeaa520f3c7b9
datetime/skeletons@1, bn-u-ca-japanese, 774B, b683647b6ab59889235a53c9aec67815a01890f9eb9d6d7b5faaeaa520f3c7b9
datetime/skeletons@1, bn-u-ca-japanext, 774B, b683647b6ab59889235a53c9aec67815a01890f9eb9d6d7b5faaeaa520f3c7b9
datetime/skeletons@1, ccp-u-ca-buddhist, 776B, ad0164c738139b3c4d4fbfb9ce41a7bc8c0ec53ac28e0afe3b9eb2e1a017e3b3
datetime/skeletons@1, ccp-u-ca-coptic, 776B, ad0164c738139b3c4d4fbfb9ce41a7bc8c0ec53ac28e0afe3b9eb2e1a017e3b3
datetime/skeletons@1, ccp-u-ca-ethiopic, 776B, ad0164c738139b3c4d4fbfb9ce41a7bc8c0ec53ac28e0afe3b9eb2e1a017e3b3
datetime/skeletons@1, ccp-u-ca-gregory, 937B, 84220ef2be70624c96f086c6811e92877774780ad74f68a19be7b6afd77ccda7
datetime/skeletons@1, ccp-u-ca-indian, 776B, ad0164c738139b3c4d4fbfb9ce41a7bc8c0ec53ac28e0afe3b9eb2e1a017e3b3
datetime/skeletons@1, ccp-u-ca-japanese, 776B, ad0164c738139b3c4d4fbfb9ce41a7bc8c0ec53ac28e0afe3b9eb2e1a017e3b3
datetime/skeletons@1, ccp-u-ca-japanext, 776B, ad0164c738139b3c4d4fbfb9ce41a7bc8c0ec53ac28e0afe3b9eb2e1a017e3b3
datetime/skeletons@1, en-001-u-ca-buddhist, 734B, 119ffad17398a6c5985139c604f98bf5ee07cf2873b67f14b80e1fb6a0cab2ad
datetime/skeletons@1, en-001-u-ca-coptic, 734B, 119ffad17398a6c5985139c604f98bf5ee07cf2873b67f14b80e1fb6a0cab2ad
datetime/skeletons@1, en-001-u-ca-ethiopic, 734B, 119ffad17398a6c5985139c604f98bf5ee07cf2873b67f14b80e1fb6a0cab2ad
datetime/skeletons@1, en-001-u-ca-gregory, 830B, 254fe1d83e6a599680cedc42b63e87e86d7e60f791e8037b1f7a57daf153a52e
datetime/skeletons@1, en-001-u-ca-indian, 734B, 119ffad17398a6c5985139c604f98bf5ee07cf2873b67f14b80e1fb6a0cab2ad
datetime/skeletons@1, en-001-u-ca-japanese, 734B, 119ffad17398a6c5985139c604f98bf5ee07cf2873b67f14b80e1fb6a0cab2ad
datetime/skeletons@1, en-001-u-ca-japanext, 734B, 119ffad17398a6c5985139c604f98bf5ee07cf2873b67f14b80e1fb6a0cab2ad
datetime/skeletons@1, en-ZA-u-ca-buddhist, 730B, 9dfd2fceaf29a86190ea92092b9656badf783ee68e3a36701620290090b442cc
datetime/skeletons@1, en-ZA-u-ca-coptic, 730B, 9dfd2fceaf29a86190ea92092b9656badf783ee68e3a36701620290090b442cc
datetime/skeletons@1, en-ZA-u-ca-ethiopic, 730B, 9dfd2fceaf29a86190ea92092b9656badf783ee68e3a36701620290090b442cc
datetime/skeletons@1, en-ZA-u-ca-gregory, 834B, 4ebe5b991727481c8a8c3ebbb4f2ed5800934c35f020297d1696cdfce3cb595a
datetime/skeletons@1, en-ZA-u-ca-indian, 730B, 9dfd2fceaf29a86190ea92092b9656badf783ee68e3a36701620290090b442cc
datetime/skeletons@1, en-ZA-u-ca-japanese, 730B, 9dfd2fceaf29a86190ea92092b9656badf783ee68e3a36701620290090b442cc
datetime/skeletons@1, en-ZA-u-ca-japanext, 730B, 9dfd2fceaf29a86190ea92092b9656badf783ee68e3a36701620290090b442cc
datetime/skeletons@1, en-u-ca-buddhist, 722B, a6eb76e542271820c67989bdde6680a7fb318f03ee7202bc1011a70bd73c04f2
datetime/skeletons@1, en-u-ca-coptic, 722B, a6eb76e542271820c67989bdde6680a7fb318f03ee7202bc1011a70bd73c04f2
datetime/skeletons@1, en-u-ca-ethiopic, 722B, a6eb76e542271820c67989bdde6680a7fb318f03ee7202bc1011a70bd73c04f2
datetime/skeletons@1, en-u-ca-gregory, 806B, 8890b3ec2bf3962cec46cd6a3a41ab2603a5d30310a343c590a2171fc82cd717
datetime/skeletons@1, en-u-ca-indian, 722B, a6eb76e542271820c67989bdde6680a7fb318f03ee7202bc1011a70bd73c04f2
datetime/skeletons@1, en-u-ca-japanese, 722B, a6eb76e542271820c67989bdde6680a7fb318f03ee7202bc1011a70bd73c04f2
datetime/skeletons@1, en-u-ca-japanext, 722B, a6eb76e542271820c67989bdde6680a7fb318f03ee7202bc1011a70bd73c04f2
datetime/skeletons@1, es-AR-u-ca-buddhist, 1028B, b47d121ab5d7ddc2d03c0b4b6e864ab3be49e74ab578e85903f65d92b4c94edd
datetime/skeletons@1, es-AR-u-ca-coptic, 1028B, b47d121ab5d7ddc2d03c0b4b6e864ab3be49e74ab578e85903f65d92b4c94edd
datetime/skeletons@1, es-AR-u-ca-ethiopic, 1028B, b47d121ab5d7ddc2d03c0b4b6e864ab3be49e74ab578e85903f65d92b4c94edd
datetime/skeletons@1, es-AR-u-ca-gregory, 1184B, 0a150a41cf0c76f037e17bdc8841e6cdd9be64657ab0d7e99b10616160c2b321
datetime/skeletons@1, es-AR-u-ca-indian, 1028B, b47d121ab5d7ddc2d03c0b4b6e864ab3be49e74ab578e85903f65d92b4c94edd
datetime/skeletons@1, es-AR-u-ca-japanese, 1028B, b47d121ab5d7ddc2d03c0b4b6e864ab3be49e74ab578e85903f65d92b4c94edd
datetime/skeletons@1, es-AR-u-ca-japanext, 1028B, b47d121ab5d7ddc2d03c0b4b6e864ab3be49e74ab578e85903f65d92b4c94edd
datetime/skeletons@1, es-u-ca-buddhist, 951B, bb364fae4412a765df6d73492bf6846a4b1bdca3d918c92201347dccd8ab7621
datetime/skeletons@1, es-u-ca-coptic, 951B, bb364fae4412a765df6d73492bf6846a4b1bdca3d918c92201347dccd8ab7621
datetime/skeletons@1, es-u-ca-ethiopic, 951B, bb364fae4412a765df6d73492bf6846a4b1bdca3d918c92201347dccd8ab7621
datetime/skeletons@1, es-u-ca-gregory, 1141B, 807a6f67c8da90ea3263a96d528d7122a640e1e379d7b6f14a2fcaed4eaa32f0
datetime/skeletons@1, es-u-ca-indian, 951B, bb364fae4412a765df6d73492bf6846a4b1bdca3d918c92201347dccd8ab7621
datetime/skeletons@1, es-u-ca-japanese, 951B, bb364fae4412a765df6d73492bf6846a4b1bdca3d918c92201347dccd8ab7621
datetime/skeletons@1, es-u-ca-japanext, 951B, bb364fae4412a765df6d73492bf6846a4b1bdca3d918c92201347dccd8ab7621
datetime/skeletons@1, fil-u-ca-buddhist, 769B, c344c5a386318fbd0846e125eb46836d44e76e07c27eb5f42f2965db8c37431a
datetime/skeletons@1, fil-u-ca-coptic, 769B, c344c5a386318fbd0846e125eb46836d44e76e07c27eb5f42f2965db8c37431a
datetime/skeletons@1, fil-u-ca-ethiopic, 769B, c344c5a386318fbd0846e125eb46836d44e76e07c27eb5f42f2965db8c37431a
datetime/skeletons@1, fil-u-ca-gregory, 1172B, 582c741993bebf009e1ce9dac7fd3292928fb2143b25043f3cf0d2ac061a42df
datetime/skeletons@1, fil-u-ca-indian, 769B, c344c5a386318fbd0846e125eb46836d44e76e07c27eb5f42f2965db8c37431a
datetime/skeletons@1, fil-u-ca-japanese, 769B, c344c5a386318fbd0846e125eb46836d44e76e07c27eb5f42f2965db8c37431a
datetime/skeletons@1, fil-u-ca-japanext, 769B, c344c5a386318fbd0846e125eb46836d44e76e07c27eb5f42f2965db8c37431a
datetime/skeletons@1, fr-u-ca-buddhist, 720B, 77fec30eacf5a474d6de66db03b05d4b297ce24746219303da0ef844aa5cffdd
datetime/skeletons@1, fr-u-ca-coptic, 724B, f59764d3c2d41a5b55f1af6d67654e0b04b68bf9ae67ad0407bb5aee826e5d6f
datetime/skeletons@1, fr-u-ca-ethiopic, 724B, f59764d3c2d41a5b55f1af6d67654e0b04b68bf9ae67ad0407bb5aee826e5d6f
datetime/skeletons@1, fr-u-ca-gregory, 813B, 0134dbe5295b8ed052033b80b45fdaa92ab60f9c4bf1abc00b1607faaeaafc7b
datetime/skeletons@1, fr-u-ca-indian, 724B, f59764d3c2d41a5b55f1af6d67654e0b04b68bf9ae67ad0407bb5aee826e5d6f
datetime/skeletons@1, fr-u-ca-japanese, 715B, 19e8f597c8bb9a52c980b5fdf8e4ac89842d3ccf725c99621479ca1af44f122e
datetime/skeletons@1, fr-u-ca-japanext, 715B, 19e8f597c8bb9a52c980b5fdf8e4ac89842d3ccf725c99621479ca1af44f122e
datetime/skeletons@1, ja-u-ca-buddhist, 1015B, db942090e8c580c51d8e349f1de7f1cb053c96a9b71dab1f7eacefac9dace668
datetime/skeletons@1, ja-u-ca-coptic, 962B, a83b805c072a61ef44e6a6f4b74885d8fb22a3efce4372305f32854184964b6a
datetime/skeletons@1, ja-u-ca-ethiopic, 962B, a83b805c072a61ef44e6a6f4b74885d8fb22a3efce4372305f32854184964b6a
datetime/skeletons@1, ja-u-ca-gregory, 1026B, 63bc2857a0ee2608d4cc81271deb5a2e5bbe3d2a9a362c97755852ddf15f6e38
datetime/skeletons@1, ja-u-ca-indian, 962B, a83b805c072a61ef44e6a6f4b74885d8fb22a3efce4372305f32854184964b6a
datetime/skeletons@1, ja-u-ca-japanese, 975B, 701bbcaef48b29c1644927374a4d08100923776c60aff8773f08290b2efab2cf
datetime/skeletons@1, ja-u-ca-japanext, 975B, 701bbcaef48b29c1644927374a4d08100923776c60aff8773f08290b2efab2cf
datetime/skeletons@1, ru-u-ca-buddhist, 766B, 1829fc48ad2988d6528401bbe1c83bd35d69ec8b4d1b38ed50677d3fc07a854e
datetime/skeletons@1, ru-u-ca-coptic, 766B, 1829fc48ad2988d6528401bbe1c83bd35d69ec8b4d1b38ed50677d3fc07a854e
datetime/skeletons@1, ru-u-ca-ethiopic, 766B, 1829fc48ad2988d6528401bbe1c83bd35d69ec8b4d1b38ed50677d3fc07a854e
datetime/skeletons@1, ru-u-ca-gregory, 904B, c1ff82d32aa0698f690e33ef405c3c91e5aeb4b68ef075544b6532e0f52f224f
datetime/skeletons@1, ru-u-ca-indian, 766B, 1829fc48ad2988d6528401bbe1c83bd35d69ec8b4d1b38ed50677d3fc07a854e
datetime/skeletons@1, ru-u-ca-japanese, 766B, 1829fc48ad2988d6528401bbe1c83bd35d69ec8b4d1b38ed50677d3fc07a854e
datetime/skeletons@1, ru-u-ca-japanext, 766B, 1829fc48ad2988d6528401bbe1c83bd35d69ec8b4d1b38ed50677d3fc07a854e
datetime/skeletons@1, sr-Cyrl-u-ca-buddhist, 863B, 79ff85758e47bdff69d46c1404cff4a549f23acee95b2a1a9083e07bf9b0781e
datetime/skeletons@1, sr-Cyrl-u-ca-coptic, 863B, 79ff85758e47bdff69d46c1404cff4a549f23acee95b2a1a9083e07bf9b0781e
datetime/skeletons@1, sr-Cyrl-u-ca-ethiopic, 863B, 79ff85758e47bdff69d46c1404cff4a549f23acee95b2a1a9083e07bf9b0781e
datetime/skeletons@1, sr-Cyrl-u-ca-gregory, 947B, e150562d4ab4583f59ba9d06d72f651744b66c8122be86c208f6b36d513df911
datetime/skeletons@1, sr-Cyrl-u-ca-indian, 863B, 79ff85758e47bdff69d46c1404cff4a549f23acee95b2a1a9083e07bf9b0781e
datetime/skeletons@1, sr-Cyrl-u-ca-japanese, 863B, 79ff85758e47bdff69d46c1404cff4a549f23acee95b2a1a9083e07bf9b0781e
datetime/skeletons@1, sr-Cyrl-u-ca-japanext, 863B, 79ff85758e47bdff69d46c1404cff4a549f23acee95b2a1a9083e07bf9b0781e
datetime/skeletons@1, sr-Latn-u-ca-buddhist, 863B, 79ff85758e47bdff69d46c1404cff4a549f23acee95b2a1a9083e07bf9b0781e
datetime/skeletons@1, sr-Latn-u-ca-coptic, 863B, 79ff85758e47bdff69d46c1404cff4a549f23acee95b2a1a9083e07bf9b0781e
datetime/skeletons@1, sr-Latn-u-ca-ethiopic, 863B, 79ff85758e47bdff69d46c1404cff4a549f23acee95b2a1a9083e07bf9b0781e
datetime/skeletons@1, sr-Latn-u-ca-gregory, 935B, 9c9aca551c1bb0f9f218b671320c1b29dc65eed3b9a5adda6ac0a69c3402b706
datetime/skeletons@1, sr-Latn-u-ca-indian, 863B, 79ff85758e47bdff69d46c1404cff4a549f23acee95b2a1a9083e07bf9b0781e
datetime/skeletons@1, sr-Latn-u-ca-japanese, 863B, 79ff85758e47bdff69d46c1404cff4a549f23acee95b2a1a9083e07bf9b0781e
datetime/skeletons@1, sr-Latn-u-ca-japanext, 863B, 79ff85758e47bdff69d46c1404cff4a549f23acee95b2a1a9083e07bf9b0781e
datetime/skeletons@1, sr-u-ca-buddhist, 863B, 79ff85758e47bdff69d46c1404cff4a549f23acee95b2a1a9083e07bf9b0781e
datetime/skeletons@1, sr-u-ca-coptic, 863B, 79ff85758e47bdff69d46c1404cff4a549f23acee95b2a1a9083e07bf9b0781e
datetime/skeletons@1, sr-u-ca-ethiopic, 863B, 79ff85758e47bdff69d46c1404cff4a549f23acee95b2a1a9083e07bf9b0781e
datetime/skeletons@1, sr-u-ca-gregory, 947B, e150562d4ab4583f59ba9d06d72f651744b66c8122be86c208f6b36d513df911
datetime/skeletons@1, sr-u-ca-indian, 863B, 79ff85758e47bdff69d46c1404cff4a549f23acee95b2a1a9083e07bf9b0781e
datetime/skeletons@1, sr-u-ca-japanese, 863B, 79ff85758e47bdff69d46c1404cff4a549f23acee95b2a1a9083e07bf9b0781e
datetime/skeletons@1, sr-u-ca-japanext, 863B, 79ff85758e47bdff69d46c1404cff4a549f23acee95b2a1a9083e07bf9b0781e
datetime/skeletons@1, th-u-ca-buddhist, 873B, f9bfbcc7d1bbd8c6cf9d3f272bb89eec770ebefa61046921e9e8ed6b5ed43e99
datetime/skeletons@1, th-u-ca-coptic, 834B, de4943aefa22ec5b1434c1e3cda4798eebc8b1ccb42918ac957c788d0d817a78
datetime/skeletons@1, th-u-ca-ethiopic, 834B, de4943aefa22ec5b1434c1e3cda4798eebc8b1ccb42918ac957c788d0d817a78
datetime/skeletons@1, th-u-ca-gregory, 1193B, 2034320119248bd8595ba53b647067bddc6ffe888a7cf7d6f0d2d20200fe61e9
datetime/skeletons@1, th-u-ca-indian, 834B, de4943aefa22ec5b1434c1e3cda4798eebc8b1ccb42918ac957c788d0d817a78
datetime/skeletons@1, th-u-ca-japanese, 839B, 23c0bed67816b635e0e5e6348da278021dbd85ad89833cac4e2d31256f4498e4
datetime/skeletons@1, th-u-ca-japanext, 839B, 23c0bed67816b635e0e5e6348da278021dbd85ad89833cac4e2d31256f4498e4
datetime/skeletons@1, tr-u-ca-buddhist, 789B, db5e0a50507eac916a11f9a13d4bed718c577debc0258492c379b2de8fd4386d
datetime/skeletons@1, tr-u-ca-coptic, 789B, db5e0a50507eac916a11f9a13d4bed718c577debc0258492c379b2de8fd4386d
datetime/skeletons@1, tr-u-ca-ethiopic, 789B, db5e0a50507eac916a11f9a13d4bed718c577debc0258492c379b2de8fd4386d
datetime/skeletons@1, tr-u-ca-gregory, 886B, 14a8480c15aef09fe0da5c01cf7adeb82840a3faf9d523112912f85191cd1dda
datetime/skeletons@1, tr-u-ca-indian, 789B, db5e0a50507eac916a11f9a13d4bed718c577debc0258492c379b2de8fd4386d
datetime/skeletons@1, tr-u-ca-japanese, 789B, db5e0a50507eac916a11f9a13d4bed718c577debc0258492c379b2de8fd4386d
datetime/skeletons@1, tr-u-ca-japanext, 789B, db5e0a50507eac916a11f9a13d4bed718c577debc0258492c379b2de8fd4386d
datetime/skeletons@1, und-u-ca-buddhist, 730B, 9df727c00720e202d95780b02896405e731f13db700443eb10e1c22c8ab58f17
datetime/skeletons@1, und-u-ca-coptic, 730B, 9df727c00720e202d95780b02896405e731f13db700443eb10e1c22c8ab58f17
datetime/skeletons@1, und-u-ca-ethiopic, 730B, 9df727c00720e202d95780b02896405e731f13db700443eb10e1c22c8ab58f17
datetime/skeletons@1, und-u-ca-gregory, 814B, 9216280d084b8bc71c31e4e085b58865d0f3f9452e6f9a21fcffb30a36eff7e2
datetime/skeletons@1, und-u-ca-indian, 730B, 9df727c00720e202d95780b02896405e731f13db700443eb10e1c22c8ab58f17
datetime/skeletons@1, und-u-ca-japanese, 730B, 9df727c00720e202d95780b02896405e731f13db700443eb10e1c22c8ab58f17
datetime/skeletons@1, und-u-ca-japanext, 730B, 9df727c00720e202d95780b02896405e731f13db700443eb10e1c22c8ab58f17
datetime/timelengths@1, ar, 294B, 9e191775477dd753bcbdf8c9d4be8a3cd0c5717181a85b954d797ac0f16ebf56
datetime/timelengths@1, ar-EG, 294B, 9e191775477dd753bcbdf8c9d4be8a3cd0c5717181a85b954d797ac0f16ebf56
datetime/timelengths@1, bn, 294B, 9e191775477dd753bcbdf8c9d4be8a3cd0c5717181a85b954d797ac0f16ebf56
datetime/timelengths@1, ccp, 294B, 9e191775477dd753bcbdf8c9d4be8a3cd0c5717181a85b954d797ac0f16ebf56
datetime/timelengths@1, en, 294B, 9e191775477dd753bcbdf8c9d4be8a3cd0c5717181a85b954d797ac0f16ebf56
datetime/timelengths@1, en-001, 294B, 9e191775477dd753bcbdf8c9d4be8a3cd0c5717181a85b954d797ac0f16ebf56
datetime/timelengths@1, en-ZA, 294B, a4950b3aa1dd633fc99f4061c75be0625ecfdf10cf2d1bbaf8c3b13ee7913240
datetime/timelengths@1, es, 292B, 77e1e018750a7f5910c6296ab4ab3073fd8645df384fe6edfd8dba3b7468f3ec
datetime/timelengths@1, es-AR, 293B, ca37b5f227e727a36eaf9305d304018c14f7354c57800038d7d424351bac065e
datetime/timelengths@1, fil, 294B, 9e191775477dd753bcbdf8c9d4be8a3cd0c5717181a85b954d797ac0f16ebf56
datetime/timelengths@1, fr, 294B, a4950b3aa1dd633fc99f4061c75be0625ecfdf10cf2d1bbaf8c3b13ee7913240
datetime/timelengths@1, ja, 293B, 70b0af21d041a1eb6edf6c59a329829298f3103f7a5764ad28f8d923adc31d06
datetime/timelengths@1, ru, 294B, a4950b3aa1dd633fc99f4061c75be0625ecfdf10cf2d1bbaf8c3b13ee7913240
datetime/timelengths@1, sr, 294B, a4950b3aa1dd633fc99f4061c75be0625ecfdf10cf2d1bbaf8c3b13ee7913240
datetime/timelengths@1, sr-Cyrl, 294B, a4950b3aa1dd633fc99f4061c75be0625ecfdf10cf2d1bbaf8c3b13ee7913240
datetime/timelengths@1, sr-Latn, 294B, a4950b3aa1dd633fc99f4061c75be0625ecfdf10cf2d1bbaf8c3b13ee7913240
datetime/timelengths@1, th, 394B, 05722c0ba9a8b2cff63870173bd2335117e6c8c48f54094f625d71df821fdc78
datetime/timelengths@1, tr, 294B, 2beab3080e3e10b593d5b103d0373d55ce41a19fa8794deeef9f6c2d2eada9f7
datetime/timelengths@1, und, 294B, a4950b3aa1dd633fc99f4061c75be0625ecfdf10cf2d1bbaf8c3b13ee7913240
datetime/timesymbols@1, ar, 641B, 861886d7a41b834fd0127e8a04cdfe14838f2615150fa51aaab16fff24896e93
datetime/timesymbols@1, ar-EG, 641B, 861886d7a41b834fd0127e8a04cdfe14838f2615150fa51aaab16fff24896e93
datetime/timesymbols@1, bn, 439B, 0929172cf97f0d85415fb346a1e13a6d7109f303c00dbb1085fdf1ce5cf63c48
datetime/timesymbols@1, ccp, 439B, 0929172cf97f0d85415fb346a1e13a6d7109f303c00dbb1085fdf1ce5cf63c48
datetime/timesymbols@1, en, 644B, 86fb6ba9216e48870577dda0e96cd360e545b81c1a522bc709ffaf56c0bfbaf4
datetime/timesymbols@1, en-001, 644B, 9922276dbf61e6c57e1127244b9163a695a6ecfc1c0f1e183d6b669c090cfea0
datetime/timesymbols@1, en-ZA, 644B, 9922276dbf61e6c57e1127244b9163a695a6ecfc1c0f1e183d6b669c090cfea0
datetime/timesymbols@1, es, 909B, 350033b969b25af4c5fc655bbd73190e5a6a9d261f730462179d4b2480e9a216
datetime/timesymbols@1, es-AR, 680B, cd8f6e532205fbfa6db35ce2f429f1323aec24af5b43e93c4f4addb58754fffd
datetime/timesymbols@1, fil, 711B, 9f6b0f461642be4979826be1aca5855a6fcaf34ef0980fe130275fa0e045885b
datetime/timesymbols@1, fr, 457B, f976c0920b9537ef97ecf2fb76258361a9899678f580cba5d69e660d53b135b0
datetime/timesymbols@1, ja, 496B, 220a14d851c567090cdccda2cd59c37e73cb0bae1dbbfbc443f79657a67b2bfb
datetime/timesymbols@1, ru, 491B, 960a0ce9e1558a0459af41ccd6e05d69c8dd5e8e388fdae0dcc8941664dad1b6
datetime/timesymbols@1, sr, 715B, c855d2c5f23da69691c59cf5d31efb4d5e7b39655edb73962915a076e8c3ca5c
datetime/timesymbols@1, sr-Cyrl, 715B, c855d2c5f23da69691c59cf5d31efb4d5e7b39655edb73962915a076e8c3ca5c
datetime/timesymbols@1, sr-Latn, 664B, dcaf679d77a3226baff5a806bccc6b57c04381952038032a54f5755f3359095b
datetime/timesymbols@1, th, 953B, ce80954bc8a501740e22b40afb5dd56d8e434bb73b1a6445324aed04b5a79134
datetime/timesymbols@1, tr, 682B, 4edd8725446f1e58905f180dc94476f8e53fa3f01ba20f0acb8c3956a81fd901
datetime/timesymbols@1, und, 439B, 0929172cf97f0d85415fb346a1e13a6d7109f303c00dbb1085fdf1ce5cf63c48
datetime/week_data@1, und, 54B, 49409a4e491cb8a2ee423a4542a87395867159d6817b8c225fcf8ce85c0f8f7d
datetime/week_data@1, und-AD, 54B, 07a0fbeffd4c7a1003d435d7ba126058daf9d1c20ce554f07116d8493b7ef7fd
datetime/week_data@1, und-AE, 56B, 747b233162bca3052aa2c4f06e0c8a8ebeb27e16670de8cf8814721648773631
datetime/week_data@1, und-AF, 56B, 747b233162bca3052aa2c4f06e0c8a8ebeb27e16670de8cf8814721648773631
datetime/week_data@1, und-AG, 54B, 8efcb77da38f23bf89820683c251a0915f5aa24af30e30faf679999dd1bde4db
datetime/week_data@1, und-AI, 54B, 49409a4e491cb8a2ee423a4542a87395867159d6817b8c225fcf8ce85c0f8f7d
datetime/week_data@1, und-AL, 54B, 49409a4e491cb8a2ee423a4542a87395867159d6817b8c225fcf8ce85c0f8f7d
datetime/week_data@1, und-AM, 54B, 49409a4e491cb8a2ee423a4542a87395867159d6817b8c225fcf8ce85c0f8f7d
datetime/week_data@1, und-AN, 54B, 07a0fbeffd4c7a1003d435d7ba126058daf9d1c20ce554f07116d8493b7ef7fd
datetime/week_data@1, und-AR, 54B, 49409a4e491cb8a2ee423a4542a87395867159d6817b8c225fcf8ce85c0f8f7d
datetime/week_data@1, und-AS, 54B, 8efcb77da38f23bf89820683c251a0915f5aa24af30e30faf679999dd1bde4db
datetime/week_data@1, und-AT, 54B, 07a0fbeffd4c7a1003d435d7ba126058daf9d1c20ce554f07116d8493b7ef7fd
datetime/week_data@1, und-AU, 54B, 49409a4e491cb8a2ee423a4542a87395867159d6817b8c225fcf8ce85c0f8f7d
datetime/week_data@1, und-AX, 54B, 07a0fbeffd4c7a1003d435d7ba126058daf9d1c20ce554f07116d8493b7ef7fd
datetime/week_data@1, und-AZ, 54B, 49409a4e491cb8a2ee423a4542a87395867159d6817b8c225fcf8ce85c0f8f7d
datetime/week_data@1, und-BA, 54B, 49409a4e491cb8a2ee423a4542a87395867159d6817b8c225fcf8ce85c0f8f7d
datetime/week_data@1, und-BD, 54B, 8efcb77da38f23bf89820683c251a0915f5aa24af30e30faf679999dd1bde4db
datetime/week_data@1, und-BE, 54B, 07a0fbeffd4c7a1003d435d7ba126058daf9d1c20ce554f07116d8493b7ef7fd
datetime/week_data@1, und-BG, 54B, 07a0fbeffd4c7a1003d435d7ba126058daf9d1c20ce554f07116d8493b7ef7fd
datetime/week_data@1, und-BH, 56B, 747b233162bca3052aa2c4f06e0c8a8ebeb27e16670de8cf8814721648773631
datetime/week_data@1, und-BM, 54B, 49409a4e491cb8a2ee423a4542a87395867159d6817b8c225fcf8ce85c0f8f7d
datetime/week_data@1, und-BN, 54B, 49409a4e491cb8a2ee423a4542a87395867159d6817b8c225fcf8ce85c0f8f7d
datetime/week_data@1, und-BR, 54B, 8efcb77da38f23bf89820683c251a0915f5aa24af30e30faf679999dd1bde4db
datetime/week_data@1, und-BS, 54B, 8efcb77da38f23bf89820683c251a0915f5aa24af30e30faf679999dd1bde4db
datetime/week_data@1, und-BT, 54B, 8efcb77da38f23bf89820683c251a0915f5aa24af30e30faf679999dd1bde4db
datetime/week_data@1, und-BW, 54B, 8efcb77da38f23bf89820683c251a0915f5aa24af30e30faf679999dd1bde4db
datetime/week_data@1, und-BY, 54B, 49409a4e491cb8a2ee423a4542a87395867159d6817b8c225fcf8ce85c0f8f7d
datetime/week_data@1, und-BZ, 54B, 8efcb77da38f23bf89820683c251a0915f5aa24af30e30faf679999dd1bde4db
datetime/week_data@1, und-CA, 54B, 8efcb77da38f23bf89820683c251a0915f5aa24af30e30faf679999dd1bde4db
datetime/week_data@1, und-CH, 54B, 07a0fbeffd4c7a1003d435d7ba126058daf9d1c20ce554f07116d8493b7ef7fd
datetime/week_data@1, und-CL, 54B, 49409a4e491cb8a2ee423a4542a87395867159d6817b8c225fcf8ce85c0f8f7d
datetime/week_data@1, und-CM, 54B, 49409a4e491cb8a2ee423a4542a87395867159d6817b8c225fcf8ce85c0f8f7d
datetime/week_data@1, und-CN, 54B, 8efcb77da38f23bf89820683c251a0915f5aa24af30e30faf679999dd1bde4db
datetime/week_data@1, und-CO, 54B, 8efcb77da38f23bf89820683c251a0915f5aa24af30e30faf679999dd1bde4db
datetime/week_data@1, und-CR, 54B, 49409a4e491cb8a2ee423a4542a87395867159d6817b8c225fcf8ce85c0f8f7d
datetime/week_data@1, und-CY, 54B, 49409a4e491cb8a2ee423a4542a87395867159d6817b8c225fcf8ce85c0f8f7d
datetime/week_data@1, und-CZ, 54B, 07a0fbeffd4c7a1003d435d7ba126058daf9d1c20ce554f07116d8493b7ef7fd
datetime/week_data@1, und-DE, 54B, 07a0fbeffd4c7a1003d435d7ba126058daf9d1c20ce554f07116d8493b7ef7fd
datetime/week_data@1, und-DJ, 56B, 747b233162bca3052aa2c4f06e0c8a8ebeb27e16670de8cf8814721648773631
datetime/week_data@1, und-DK, 54B, 07a0fbeffd4c7a1003d435d7ba126058daf9d1c20ce554f07116d8493b7ef7fd
datetime/week_data@1, und-DM, 54B, 8efcb77da38f23bf89820683c251a0915f5aa24af30e30faf679999dd1bde4db
datetime/week_data@1, und-DO, 54B, 8efcb77da38f23bf89820683c251a0915f5aa24af30e30faf679999dd1bde4db
datetime/week_data@1, und-DZ, 56B, 747b233162bca3052aa2c4f06e0c8a8ebeb27e16670de8cf8814721648773631
datetime/week_data@1, und-EC, 54B, 49409a4e491cb8a2ee423a4542a87395867159d6817b8c225fcf8ce85c0f8f7d
datetime/week_data@1, und-EE, 54B, 07a0fbeffd4c7a1003d435d7ba126058daf9d1c20ce554f07116d8493b7ef7fd
datetime/week_data@1, und-EG, 56B, 747b233162bca3052aa2c4f06e0c8a8ebeb27e16670de8cf8814721648773631
datetime/week_data@1, und-ES, 54B, 07a0fbeffd4c7a1003d435d7ba126058daf9d1c20ce554f07116d8493b7ef7fd
datetime/week_data@1, und-ET, 54B, 8efcb77da38f23bf89820683c251a0915f5aa24af30e30faf679999dd1bde4db
datetime/week_data@1, und-FI, 54B, 07a0fbeffd4c7a1003d435d7ba126058daf9d1c20ce554f07116d8493b7ef7fd
datetime/week_data@1, und-FJ, 54B, 07a0fbeffd4c7a1003d435d7ba126058daf9d1c20ce554f07116d8493b7ef7fd
datetime/week_data@1, und-FO, 54B, 07a0fbeffd4c7a1003d435d7ba126058daf9d1c20ce554f07116d8493b7ef7fd
datetime/week_data@1, und-FR, 54B, 07a0fbeffd4c7a1003d435d7ba126058daf9d1c20ce554f07116d8493b7ef7fd
datetime/week_data@1, und-GB, 54B, 07a0fbeffd4c7a1003d435d7ba126058daf9d1c20ce554f07116d8493b7ef7fd
datetime/week_data@1, und-GE, 54B, 49409a4e491cb8a2ee423a4542a87395867159d6817b8c225fcf8ce85c0f8f7d
datetime/week_data@1, und-GF, 54B, 07a0fbeffd4c7a1003d435d7ba126058daf9d1c20ce554f07116d8493b7ef7fd
datetime/week_data@1, und-GG, 54B, 07a0fbeffd4c7a1003d435d7ba126058daf9d1c20ce554f07116d8493b7ef7fd
datetime/week_data@1, und-GI, 54B, 07a0fbeffd4c7a1003d435d7ba126058daf9d1c20ce554f07116d8493b7ef7fd
datetime/week_data@1, und-GP, 54B, 07a0fbeffd4c7a1003d435d7ba126058daf9d1c20ce554f07116d8493b7ef7fd
datetime/week_data@1, und-GR, 54B, 07a0fbeffd4c7a1003d435d7ba126058daf9d1c20ce554f07116d8493b7ef7fd
datetime/week_data@1, und-GT, 54B, 8efcb77da38f23bf89820683c251a0915f5aa24af30e30faf679999dd1bde4db
datetime/week_data@1, und-GU, 54B, 8efcb77da38f23bf89820683c251a0915f5aa24af30e30faf679999dd1bde4db
datetime/week_data@1, und-HK, 54B, 8efcb77da38f23bf89820683c251a0915f5aa24af30e30faf679999dd1bde4db
datetime/week_data@1, und-HN, 54B, 8efcb77da38f23bf89820683c251a0915f5aa24af30e30faf679999dd1bde4db
datetime/week_data@1, und-HR, 54B, 49409a4e491cb8a2ee423a4542a87395867159d6817b8c225fcf8ce85c0f8f7d
datetime/week_data@1, und-HU, 54B, 07a0fbeffd4c7a1003d435d7ba126058daf9d1c20ce554f07116d8493b7ef7fd
datetime/week_data@1, und-ID, 54B, 8efcb77da38f23bf89820683c251a0915f5aa24af30e30faf679999dd1bde4db
datetime/week_data@1, und-IE, 54B, 07a0fbeffd4c7a1003d435d7ba126058daf9d1c20ce554f07116d8493b7ef7fd
datetime/week_data@1, und-IL, 54B, 8efcb77da38f23bf89820683c251a0915f5aa24af30e30faf679999dd1bde4db
datetime/week_data@1, und-IM, 54B, 07a0fbeffd4c7a1003d435d7ba126058daf9d1c20ce554f07116d8493b7ef7fd
datetime/week_data@1, und-IN, 54B, 8efcb77da38f23bf89820683c251a0915f5aa24af30e30faf679999dd1bde4db
datetime/week_data@1, und-IQ, 56B, 747b233162bca3052aa2c4f06e0c8a8ebeb27e16670de8cf8814721648773631
datetime/week_data@1, und-IR, 56B, 747b233162bca3052aa2c4f06e0c8a8ebeb27e16670de8cf8814721648773631
datetime/week_data@1, und-IS, 54B, 07a0fbeffd4c7a1003d435d7ba126058daf9d1c20ce554f07116d8493b7ef7fd
datetime/week_data@1, und-IT, 54B, 07a0fbeffd4c7a1003d435d7ba126058daf9d1c20ce554f07116d8493b7ef7fd
datetime/week_data@1, und-JE, 54B, 07a0fbeffd4c7a1003d435d7ba126058daf9d1c20ce554f07116d8493b7ef7fd
datetime/week_data@1, und-JM, 54B, 8efcb77da38f23bf89820683c251a0915f5aa24af30e30faf679999dd1bde4db
datetime/week_data@1, und-JO, 56B, 747b233162bca3052aa2c4f06e0c8a8ebeb27e16670de8cf8814721648773631
datetime/week_data@1, und-JP, 54B, 8efcb77da38f23bf89820683c251a0915f5aa24af30e30faf679999dd1bde4db
datetime/week_data@1, und-KE, 54B, 8efcb77da38f23bf89820683c251a0915f5aa24af30e30faf679999dd1bde4db
datetime/week_data@1, und-KG, 54B, 49409a4e491cb8a2ee423a4542a87395867159d6817b8c225fcf8ce85c0f8f7d
datetime/week_data@1, und-KH, 54B, 8efcb77da38f23bf89820683c251a0915f5aa24af30e30faf679999dd1bde4db
datetime/week_data@1, und-KR, 54B, 8efcb77da38f23bf89820683c251a0915f5aa24af30e30faf679999dd1bde4db
datetime/week_data@1, und-KW, 56B, 747b233162bca3052aa2c4f06e0c8a8ebeb27e16670de8cf8814721648773631
datetime/week_data@1, und-KZ, 54B, 49409a4e491cb8a2ee423a4542a87395867159d6817b8c225fcf8ce85c0f8f7d
datetime/week_data@1, und-LA, 54B, 8efcb77da38f23bf89820683c251a0915f5aa24af30e30faf679999dd1bde4db
datetime/week_data@1, und-LB, 54B, 49409a4e491cb8a2ee423a4542a87395867159d6817b8c225fcf8ce85c0f8f7d
datetime/week_data@1, und-LI, 54B, 07a0fbeffd4c7a1003d435d7ba126058daf9d1c20ce554f07116d8493b7ef7fd
datetime/week_data@1, und-LK, 54B, 49409a4e491cb8a2ee423a4542a87395867159d6817b8c225fcf8ce85c0f8f7d
datetime/week_data@1, und-LT, 54B, 07a0fbeffd4c7a1003d435d7ba126058daf9d1c20ce554f07116d8493b7ef7fd
datetime/week_data@1, und-LU, 54B, 07a0fbeffd4c7a1003d435d7ba126058daf9d1c20ce554f07116d8493b7ef7fd
datetime/week_data@1, und-LV, 54B, 49409a4e491cb8a2ee423a4542a87395867159d6817b8c225fcf8ce85c0f8f7d
datetime/week_data@1, und-LY, 56B, 747b233162bca3052aa2c4f06e0c8a8ebeb27e16670de8cf8814721648773631
datetime/week_data@1, und-MC, 54B, 07a0fbeffd4c7a1003d435d7ba126058daf9d1c20ce554f07116d8493b7ef7fd
datetime/week_data@1, und-MD, 54B, 49409a4e491cb8a2ee423a4542a87395867159d6817b8c225fcf8ce85c0f8f7d
datetime/week_data@1, und-ME, 54B, 49409a4e491cb8a2ee423a4542a87395867159d6817b8c225fcf8ce85c0f8f7d
datetime/week_data@1, und-MH, 54B, 8efcb77da38f23bf89820683c251a0915f5aa24af30e30faf679999dd1bde4db
datetime/week_data@1, und-MK, 54B, 49409a4e491cb8a2ee423a4542a87395867159d6817b8c225fcf8ce85c0f8f7d
datetime/week_data@1, und-MM, 54B, 8efcb77da38f23bf89820683c251a0915f5aa24af30e30faf679999dd1bde4db
datetime/week_data@1, und-MN, 54B, 49409a4e491cb8a2ee423a4542a87395867159d6817b8c225fcf8ce85c0f8f7d
datetime/week_data@1, und-MO, 54B, 8efcb77da38f23bf89820683c251a0915f5aa24af30e30faf679999dd1bde4db
datetime/week_data@1, und-MQ, 54B, 07a0fbeffd4c7a1003d435d7ba126058daf9d1c20ce554f07116d8493b7ef7fd
datetime/week_data@1, und-MT, 54B, 8efcb77da38f23bf89820683c251a0915f5aa24af30e30faf679999dd1bde4db
datetime/week_data@1, und-MV, 54B, 2e8c9229319eef748f80fc26f5e7f44881db8aeac3b33771e39e7449ba27f7bf
datetime/week_data@1, und-MX, 54B, 8efcb77da38f23bf89820683c251a0915f5aa24af30e30faf679999dd1bde4db
datetime/week_data@1, und-MY, 54B, 49409a4e491cb8a2ee423a4542a87395867159d6817b8c225fcf8ce85c0f8f7d
datetime/week_data@1, und-MZ, 54B, 8efcb77da38f23bf89820683c251a0915f5aa24af30e30faf679999dd1bde4db
datetime/week_data@1, und-NI, 54B, 8efcb77da38f23bf89820683c251a0915f5aa24af30e30faf679999dd1bde4db
datetime/week_data@1, und-NL, 54B, 07a0fbeffd4c7a1003d435d7ba126058daf9d1c20ce554f07116d8493b7ef7fd
datetime/week_data@1, und-NO, 54B, 07a0fbeffd4c7a1003d435d7ba126058daf9d1c20ce554f07116d8493b7ef7fd
datetime/week_data@1, und-NP, 54B, 8efcb77da38f23bf89820683c251a0915f5aa24af30e30faf679999dd1bde4db
datetime/week_data@1, und-NZ, 54B, 49409a4e491cb8a2ee423a4542a87395867159d6817b8c225fcf8ce85c0f8f7d
datetime/week_data@1, und-OM, 56B, 747b233162bca3052aa2c4f06e0c8a8ebeb27e16670de8cf8814721648773631
datetime/week_data@1, und-PA, 54B, 8efcb77da38f23bf89820683c251a0915f5aa24af30e30faf679999dd1bde4db
datetime/week_data@1, und-PE, 54B, 8efcb77da38f23bf89820683c251a0915f5aa24af30e30faf679999dd1bde4db
datetime/week_data@1, und-PH, 54B, 8efcb77da38f23bf89820683c251a0915f5aa24af30e30faf679999dd1bde4db
datetime/week_data@1, und-PK, 54B, 8efcb77da38f23bf89820683c251a0915f5aa24af30e30faf679999dd1bde4db
datetime/week_data@1, und-PL, 54B, 07a0fbeffd4c7a1003d435d7ba126058daf9d1c20ce554f07116d8493b7ef7fd
datetime/week_data@1, und-PR, 54B, 8efcb77da38f23bf89820683c251a0915f5aa24af30e30faf679999dd1bde4db
datetime/week_data@1, und-PT, 54B, 1ece2c064bc3c302150da5e1e09f166fee7819732c4e9dce85e9b263561782c3
datetime/week_data@1, und-PY, 54B, 8efcb77da38f23bf89820683c251a0915f5aa24af30e30faf679999dd1bde4db
datetime/week_data@1, und-QA, 56B, 747b233162bca3052aa2c4f06e0c8a8ebeb27e16670de8cf8814721648773631
datetime/week_data@1, und-RE, 54B, 07a0fbeffd4c7a1003d435d7ba126058daf9d1c20ce554f07116d8493b7ef7fd
datetime/week_data@1, und-RO, 54B, 49409a4e491cb8a2ee423a4542a87395867159d6817b8c225fcf8ce85c0f8f7d
datetime/week_data@1, und-RS, 54B, 49409a4e491cb8a2ee423a4542a87395867159d6817b8c225fcf8ce85c0f8f7d
datetime/week_data@1, und-RU, 54B, 07a0fbeffd4c7a1003d435d7ba126058daf9d1c20ce554f07116d8493b7ef7fd
datetime/week_data@1, und-SA, 54B, 8efcb77da38f23bf89820683c251a0915f5aa24af30e30faf679999dd1bde4db
datetime/week_data@1, und-SD, 56B, 747b233162bca3052aa2c4f06e0c8a8ebeb27e16670de8cf8814721648773631
datetime/week_data@1, und-SE, 54B, 07a0fbeffd4c7a1003d435d7ba126058daf9d1c20ce554f07116d8493b7ef7fd
datetime/week_data@1, und-SG, 54B, 8efcb77da38f23bf89820683c251a0915f5aa24af30e30faf679999dd1bde4db
datetime/week_data@1, und-SI, 54B, 49409a4e491cb8a2ee423a4542a87395867159d6817b8c225fcf8ce85c0f8f7d
datetime/week_data@1, und-SJ, 54B, 07a0fbeffd4c7a1003d435d7ba126058daf9d1c20ce554f07116d8493b7ef7fd
datetime/week_data@1, und-SK, 54B, 07a0fbeffd4c7a1003d435d7ba126058daf9d1c20ce554f07116d8493b7ef7fd
datetime/week_data@1, und-SM, 54B, 07a0fbeffd4c7a1003d435d7ba126058daf9d1c20ce554f07116d8493b7ef7fd
datetime/week_data@1, und-SV, 54B, 8efcb77da38f23bf89820683c251a0915f5aa24af30e30faf679999dd1bde4db
datetime/week_data@1, und-SY, 56B, 747b233162bca3052aa2c4f06e0c8a8ebeb27e16670de8cf8814721648773631
datetime/week_data@1, und-TH, 54B, 8efcb77da38f23bf89820683c251a0915f5aa24af30e30faf679999dd1bde4db
datetime/week_data@1, und-TJ, 54B, 49409a4e491cb8a2ee423a4542a87395867159d6817b8c225fcf8ce85c0f8f7d
datetime/week_data@1, und-TM, 54B, 49409a4e491cb8a2ee423a4542a87395867159d6817b8c225fcf8ce85c0f8f7d
datetime/week_data@1, und-TR, 54B, 49409a4e491cb8a2ee423a4542a87395867159d6817b8c225fcf8ce85c0f8f7d
datetime/week_data@1, und-TT, 54B, 8efcb77da38f23bf89820683c251a0915f5aa24af30e30faf679999dd1bde4db
datetime/week_data@1, und-TW, 54B, 8efcb77da38f23bf89820683c251a0915f5aa24af30e30faf679999dd1bde4db
datetime/week_data@1, und-UA, 54B, 49409a4e491cb8a2ee423a4542a87395867159d6817b8c225fcf8ce85c0f8f7d
datetime/week_data@1, und-UM, 54B, 8efcb77da38f23bf89820683c251a0915f5aa24af30e30faf679999dd1bde4db
datetime/week_data@1, und-US, 54B, 8efcb77da38f23bf89820683c251a0915f5aa24af30e30faf679999dd1bde4db
datetime/week_data@1, und-UY, 54B, 49409a4e491cb8a2ee423a4542a87395867159d6817b8c225fcf8ce85c0f8f7d
datetime/week_data@1, und-UZ, 54B, 49409a4e491cb8a2ee423a4542a87395867159d6817b8c225fcf8ce85c0f8f7d
datetime/week_data@1, und-VA, 54B, 07a0fbeffd4c7a1003d435d7ba126058daf9d1c20ce554f07116d8493b7ef7fd
datetime/week_data@1, und-VE, 54B, 8efcb77da38f23bf89820683c251a0915f5aa24af30e30faf679999dd1bde4db
datetime/week_data@1, und-VI, 54B, 8efcb77da38f23bf89820683c251a0915f5aa24af30e30faf679999dd1bde4db
datetime/week_data@1, und-VN, 54B, 49409a4e491cb8a2ee423a4542a87395867159d6817b8c225fcf8ce85c0f8f7d
datetime/week_data@1, und-WS, 54B, 8efcb77da38f23bf89820683c251a0915f5aa24af30e30faf679999dd1bde4db
datetime/week_data@1, und-XK, 54B, 49409a4e491cb8a2ee423a4542a87395867159d6817b8c225fcf8ce85c0f8f7d
datetime/week_data@1, und-YE, 54B, 8efcb77da38f23bf89820683c251a0915f5aa24af30e30faf679999dd1bde4db
datetime/week_data@1, und-ZA, 54B, 8efcb77da38f23bf89820683c251a0915f5aa24af30e30faf679999dd1bde4db
datetime/week_data@1, und-ZW, 54B, 8efcb77da38f23bf89820683c251a0915f5aa24af30e30faf679999dd1bde4db
decimal/symbols@1, ar, 404B, dfbb03a3521acce996cc20d68b87d999eef8273145c80fcfbc759538abcbdfd5
decimal/symbols@1, ar-EG, 404B, dfbb03a3521acce996cc20d68b87d999eef8273145c80fcfbc759538abcbdfd5
decimal/symbols@1, ar-EG-u-nu-latn, 394B, 60747f1b7a83bc7aaef0b4f32bc0da9fc965b44120cfca107333631375516d56
decimal/symbols@1, ar-u-nu-latn, 394B, 60747f1b7a83bc7aaef0b4f32bc0da9fc965b44120cfca107333631375516d56
decimal/symbols@1, bn, 408B, e75e9542bcb363b762b37fe49340b5965b755d8eea79bfd903eaf66e5b61255f
decimal/symbols@1, bn-u-nu-latn, 388B, cbc53dae520976e47b01e73a0ba9fe4d1974b6f615f61a6251b39017987c5ef3
decimal/symbols@1, ccp, 418B, aaa8b08417cf1878f01886e996a0aedef0b88b68d929951ce6458cfb5dab3679
decimal/symbols@1, ccp-u-nu-latn, 388B, cbc53dae520976e47b01e73a0ba9fe4d1974b6f615f61a6251b39017987c5ef3
decimal/symbols@1, en, 388B, e17c4033aa1ceab3675b9f275cd74728e2131f9749769afaff1232c00c683b85
decimal/symbols@1, en-001, 388B, e17c4033aa1ceab3675b9f275cd74728e2131f9749769afaff1232c00c683b85
decimal/symbols@1, en-ZA, 389B, 349e3102f5003de076aafcbf8a1d18b7b37dcbd2df1a83b00cbc8560e8d12e58
decimal/symbols@1, es, 388B, 8a803e7e472d512aaac47a280dcac16ffbd1cf261ac56acd052be6dcd122c387
decimal/symbols@1, es-AR, 388B, ae668c62c7e9d5a2d29bd6d733be865f3d6a1e1bc5d99779d4de641c3fde8e98
decimal/symbols@1, fil, 388B, e17c4033aa1ceab3675b9f275cd74728e2131f9749769afaff1232c00c683b85
decimal/symbols@1, fr, 390B, aad215133cbf8010f5ad846b46d0ebf98673c2ff0d333980483afc06cd9b2e4b
decimal/symbols@1, ja, 388B, e17c4033aa1ceab3675b9f275cd74728e2131f9749769afaff1232c00c683b85
decimal/symbols@1, ru, 389B, 349e3102f5003de076aafcbf8a1d18b7b37dcbd2df1a83b00cbc8560e8d12e58
decimal/symbols@1, sr, 388B, ae668c62c7e9d5a2d29bd6d733be865f3d6a1e1bc5d99779d4de641c3fde8e98
decimal/symbols@1, sr-Cyrl, 388B, ae668c62c7e9d5a2d29bd6d733be865f3d6a1e1bc5d99779d4de641c3fde8e98
decimal/symbols@1, sr-Latn, 388B, ae668c62c7e9d5a2d29bd6d733be865f3d6a1e1bc5d99779d4de641c3fde8e98
decimal/symbols@1, th, 388B, e17c4033aa1ceab3675b9f275cd74728e2131f9749769afaff1232c00c683b85
decimal/symbols@1, th-u-nu-thai, 408B, 7e7c514f242f78f96deba32616d3863b0cad667e85c3c9c1a7beb5fd41b92eb8
decimal/symbols@1, tr, 388B, ae668c62c7e9d5a2d29bd6d733be865f3d6a1e1bc5d99779d4de641c3fde8e98
decimal/symbols@1, und, 388B, e17c4033aa1ceab3675b9f275cd74728e2131f9749769afaff1232c00c683b85
displaynames/territories@1, ar, 9966B, d89755ffe2cfb6c9e4f5f2e49d6e1ae6ecad31c975a7e747475dcdb487a7cd24
displaynames/territories@1, ar-EG, 9966B, d89755ffe2cfb6c9e4f5f2e49d6e1ae6ecad31c975a7e747475dcdb487a7cd24
displaynames/territories@1, bn, 14246B, f5650aa06ea3dd13482a5c35da84569ced7574d3b3cde6e33e8f9612183a4144
displaynames/territories@1, ccp, 16401B, ffbe655711ef7355ab1a12f80006c05ef6e9825efb54e0cb1754cbffb5ba6ca5
displaynames/territories@1, en, 7327B, 4911967e90622d0bd373b3b6e4414c30c4bbdebf220c905f527e524cd88eccb8
displaynames/territories@1, en-001, 7323B, 7f0a79e3e8c9f0cf5512d7d068fb07c16f277721cb41c4ba77f72d96251bb864
displaynames/territories@1, en-ZA, 7323B, 7f0a79e3e8c9f0cf5512d7d068fb07c16f277721cb41c4ba77f72d96251bb864
displaynames/territories@1, es, 7453B, 927d650e30810b2619960446b2a6dbdab97b70bd8613fc88cf032231df9e1c13
displaynames/territories@1, es-AR, 7428B, 6146d65f1b64999c7a960e86a81f1a71da680e9f4d043f9feedeec40992ee827
displaynames/territories@1, fil, 7344B, 91c8933b1dfc177278f70ddfc5f1169bfa1bef11ec62b4755ed921073684d7c4
displaynames/territories@1, fr, 7637B, ba78f81df307340d17e46de701fdc5ca7a7cfe2458342fa615dcaf2c7dd08076
displaynames/territories@1, ja, 9214B, 2215581fd35e51a1ae03a4269843c2612c324e9b88925f350dd0101f21862329
displaynames/territories@1, ru, 10302B, f62124152a9f04ae859677d956cd7012a5cf3b0ec7816bb81fca5f40d2a45f77
displaynames/territories@1, sr, 10475B, 62dcfebd45878d471204bfdf975cc8e877cd0e952d297086ab48d95b4221dc33
displaynames/territories@1, sr-Cyrl, 10475B, 62dcfebd45878d471204bfdf975cc8e877cd0e952d297086ab48d95b4221dc33
displaynames/territories@1, sr-Latn, 7536B, f67b11df0115ea0c5b724a54d9c2ea41ee0f33eaa3dce737073744c319cb54f6
displaynames/territories@1, th, 13561B, be5288ea0b2c34cf307f003a53980ae2d11077ba0a98610524c49d1fb0f9a589
displaynames/territories@1, tr, 7410B, e06c49610c7b5ab91e0b1369a805e7abe38120978ac9889a3256ef6a6b53c7ab
displaynames/territories@1, und, 4889B, 9d5724942a21e08d5225c595766adc3ad3b452964713beaad516c139da04c6e0
fallback/likelysubtags@1, und, 20877B, 17b6f6e23795c243ba86591a312d2a850169171554001611d2e154496acc3d32
fallback/parents@1, und, 7551B, 564e95c9621f89fe149b91f0b5358c559b8eb1b8b238dc30f1c9ad1e9b35d786
fallback/supplement/co@1, und, 184B, 0095b92c2a5cad94caa45cef23ec01f993f70aa96da5cf6293d1da58b05fcae4
list/and@1, ar, 268B, 11edddee2ab2fc4035d908b5e7edafa9511a4f42f38541cbb8430918ce576de0
list/and@1, ar-EG, 268B, 11edddee2ab2fc4035d908b5e7edafa9511a4f42f38541cbb8430918ce576de0
list/and@1, bn, 361B, 38b21bc01c439b97e032ffb7ee8df83eea3af8f4c15412851d2e6976f0f9e5ed
list/and@1, ccp, 364B, 97531e9ea68a2f1c7612c4ae772dac75d4c5119d6b3397e71de13c2bf2f211a9
list/and@1, en, 613B, b5547cb453f4dc9f31141e277bbf89279c0705bd274c300a7147f6aeb6db1f19
list/and@1, en-001, 354B, 5185584bcc89ff4ff959e1cb6ee5638e1a3598e83e34fc46b1a8e31bd89f75c5
list/and@1, en-ZA, 354B, 5185584bcc89ff4ff959e1cb6ee5638e1a3598e83e34fc46b1a8e31bd89f75c5
list/and@1, es, 464B, 918cdbc5a05cd7bc313843f95c9acd78b42b620ace03f5357ff4f1ea6e583354
list/and@1, es-AR, 464B, 918cdbc5a05cd7bc313843f95c9acd78b42b620ace03f5357ff4f1ea6e583354
list/and@1, fil, 440B, 4ad59dc7a20005d1e69c0473f0a61d61b786c727c6d87d8f530c7ec058bcf945
list/and@1, fr, 353B, faec517799b52a794bc8a9ef5f4ef24f45b98013ec7dcf9eec258258d10863d4
list/and@1, ja, 268B, 7cf2a489afb41449db1c7ebebff94412537548ce7d8887d21f0ae3dcbddeb737
list/and@1, ru, 353B, 9f6b9bd5dce19a87291ecba2fbb31f1a3f24d569e45d91041919228dba310519
list/and@1, sr, 353B, f71a9159c648447f629b25489dfcdf3c94eab6238e91418d07a77874966007fd
list/and@1, sr-Cyrl, 353B, f71a9159c648447f629b25489dfcdf3c94eab6238e91418d07a77874966007fd
list/and@1, sr-Latn, 352B, 42c1eacd5d4f1d63f238926c15d4e3c2f59e6357c5c3d509b88971b7bbc26c57
list/and@1, th, 450B, d7533a248630a29af81593cfd0e57e060f4b99a75cf7fb5a72d06567d45db36c
list/and@1, tr, 353B, 22a3a93f023a3938bc16b1ee70564934bf9a1cebd704a71ad9f6403cc551d31b
list/and@1, und, 267B, ab8cc47b97781d052232b4c5ea96b5fa6a0370262ae18cba539dd3490f4bb4d0
list/or@1, ar, 271B, 916ad89ae2eb71426d749c7f9976f19b2e0da5cd251a7d9adee66a9ef014ea17
list/or@1, ar-EG, 271B, 916ad89ae2eb71426d749c7f9976f19b2e0da5cd251a7d9adee66a9ef014ea17
list/or@1, bn, 448B, 726cbf97ac9073790c8b07133445f3e4ed94d175b06b50e5d6adde4426ac0742
list/or@1, ccp, 440B, eca44231ae5d58957e4027dd0ea7eaf73855734a67c96c88bbcde3f3ae669da4
list/or@1, en, 440B, eca44231ae5d58957e4027dd0ea7eaf73855734a67c96c88bbcde3f3ae669da4
list/or@1, en-001, 353B, 7d42ba7202f523f079388312caffe7e0176546b6bc57f7d21ac79e255ccfd0fe
list/or@1, en-ZA, 353B, 7d42ba7202f523f079388312caffe7e0176546b6bc57f7d21ac79e255ccfd0fe
list/or@1, es, 500B, 15b7497485407efdf17bb644fee7591c3e7d86afc6ec6012e4d010bf2c0ed912
list/or@1, es-AR, 500B, 15b7497485407efdf17bb644fee7591c3e7d86afc6ec6012e4d010bf2c0ed912
list/or@1, fil, 438B, da87af50dd72d2f84ec0fcd1f3093c97b83c7c4526c785b087b64ea9279fa54d
list/or@1, fr, 353B, 8e152cdaa507bbaf6cf6a2065eadcb6b95acd825542f68360b84866125dd0f0e
list/or@1, ja, 454B, 7d33cb0556b734575aece2d553edc9faf2ca6e77e6c897ce4090ed533cc22789
list/or@1, ru, 357B, 6e1ad2dba1b94420d64562ae87d1b07dc03f1ab8cef94232b2732a610bb13db8
list/or@1, sr, 357B, 6e1ad2dba1b94420d64562ae87d1b07dc03f1ab8cef94232b2732a610bb13db8
list/or@1, sr-Cyrl, 357B, 6e1ad2dba1b94420d64562ae87d1b07dc03f1ab8cef94232b2732a610bb13db8
list/or@1, sr-Latn, 354B, 407e5a74aae704b81588fd8808281757ae38c5c220afd3dd57a967c5492a83c4
list/or@1, th, 459B, 52cdf35d8de5f32acfccd970380d24363caa67b17140cb50303904c3c20cfadc
list/or@1, tr, 355B, 329aea9e820e3390163491f721faa16931a916595a2c4ce701385ba38c33ccf3
list/or@1, und, 440B, eca44231ae5d58957e4027dd0ea7eaf73855734a67c96c88bbcde3f3ae669da4
list/unit@1, ar, 355B, cdaa4f8ac61c925fd9028cf97b7105ef57f47fc9f076cd52a148e13faa5e178c
list/unit@1, ar-EG, 355B, cdaa4f8ac61c925fd9028cf97b7105ef57f47fc9f076cd52a148e13faa5e178c
list/unit@1, bn, 267B, ab8cc47b97781d052232b4c5ea96b5fa6a0370262ae18cba539dd3490f4bb4d0
list/unit@1, ccp, 267B, ab8cc47b97781d052232b4c5ea96b5fa6a0370262ae18cba539dd3490f4bb4d0
list/unit@1, en, 350B, abd5edc3c04335cbbbbc41ffceb41402e6779393c710a1baf4e5be5fbc9423f5
list/unit@1, en-001, 350B, abd5edc3c04335cbbbbc41ffceb41402e6779393c710a1baf4e5be5fbc9423f5
list/unit@1, en-ZA, 350B, abd5edc3c04335cbbbbc41ffceb41402e6779393c710a1baf4e5be5fbc9423f5
list/unit@1, es, 547B, 61495655947eab878f1215f56df1da08759bb997ac47dfaa8e74212b96863073
list/unit@1, es-AR, 547B, 61495655947eab878f1215f56df1da08759bb997ac47dfaa8e74212b96863073
list/unit@1, fil, 350B, abd5edc3c04335cbbbbc41ffceb41402e6779393c710a1baf4e5be5fbc9423f5
list/unit@1, fr, 436B, 91727aaccf85a6e7e8c12f0ef5df39b2fc3932da8428a4563d79a0a52caef2ae
list/unit@1, ja, 348B, ac6e676888166139e7160c4da3018519ba406d8c7c5a8ad51fd1a724979b1913
list/unit@1, ru, 266B, d2e436ff33ba6f287e7f524bcd8bdb213a36cd9c3ec7ce0f2ece018e91c556d8
list/unit@1, sr, 353B, f71a9159c648447f629b25489dfcdf3c94eab6238e91418d07a77874966007fd
list/unit@1, sr-Cyrl, 353B, f71a9159c648447f629b25489dfcdf3c94eab6238e91418d07a77874966007fd
list/unit@1, sr-Latn, 352B, 42c1eacd5d4f1d63f238926c15d4e3c2f59e6357c5c3d509b88971b7bbc26c57
list/unit@1, th, 360B, 43ae8f3a7c6ed835a75961800770ca7e85d1b96cfee44bee7fc2169260e4eabe
list/unit@1, tr, 266B, d2e436ff33ba6f287e7f524bcd8bdb213a36cd9c3ec7ce0f2ece018e91c556d8
list/unit@1, und, 267B, ab8cc47b97781d052232b4c5ea96b5fa6a0370262ae18cba539dd3490f4bb4d0
locid_transform/aliases@1, und, 18500B, 231601ea4c6b6ce73165ffbc5c0d9d448625d677cee0733cb00af2ec32a5d2ef
locid_transform/likelysubtags@1, und, 87515B, 6f6ee5eacd835e2eeb53e32e42a85fb9f6ef3957cd38436e635c8b9c0f3d373d
normalizer/comp@1, und, 29836B, 634be78f876811cd829efa0d9e2ff29d28b8f13696b527df30c7ef6f36820a47
normalizer/decomp@1, und, 13620B, f9910c9b0fa1ef6938f3a66ad0e52b74ac18dc7ca3ce665f2d0867ebec782807
normalizer/nfd@1, und, 85212B, 016cf4c4fd0c914314a43d08c55dcddd88b2c4ec16f44ccdb1fdba238fada546
normalizer/nfdex@1, und, 9053B, b9bbfc1916200621e10e2fad1801d8787d6a1bd49e4eeea1e6de4bc01b3a4673
normalizer/nfkd@1, und, 66338B, f73c08e8ca7bb337534d4c4af8b7bba6284d51c837d7a2718affb4d83a29ae59
normalizer/nfkdex@1, und, 26054B, 62d4d8e58f93cf60f16a5172dd633d6f9b70033b5ac74ecac8284b46b5d5114d
normalizer/uts46d@1, und, 91764B, 747957d10ee79a9de36caf03400a4fbd1978be3be1151aa2850649364fe8a5fb
plurals/cardinal@1, ar, 116B, 70b9c317d4a0610bea253ee36b3b03558caef37fe31191594c78c740eddae8db
plurals/cardinal@1, bn, 92B, e9b39fe9dc7f558686241506e6ec8f9b043e088af3c72a7176d8ed20c95c84f0
plurals/cardinal@1, en, 93B, d9cc9c40f33267b83b3df740a765617e2dd50eb398d7ba4a670526780b1fdff9
plurals/cardinal@1, es, 140B, 7a439b025e2d8d0f5e57591d7fd153d7dcda14d0c771e57b4c4b431c6b6acd82
plurals/cardinal@1, fil, 162B, c9484cd70ba9e8809dbc0ede9cea784c809d2b70fb74cc0c00265bd36b75f4ef
plurals/cardinal@1, fr, 143B, 71fa09f30751492533cc7b0d7c8be11a42082b796c93efe419b237d819b6ad0c
plurals/cardinal@1, ja, 80B, c67b41ca68d97bb75a92d150c416fcd71f28b7bd6c32c5f2d0952e708bf7485e
plurals/cardinal@1, ru, 234B, 6aa4b718e0b8bcbe87ce19440217cf43c718699eadab25979240281cddd43762
plurals/cardinal@1, sr, 230B, 937bbb08e14ae71c0b3ea89eb469c758a3a559ad6aa0ceec1cb1cc563056d36e
plurals/cardinal@1, th, 80B, c67b41ca68d97bb75a92d150c416fcd71f28b7bd6c32c5f2d0952e708bf7485e
plurals/cardinal@1, tr, 83B, c8c4847e5250c70790d3c572cbf1a2dd39daa6c08fdafe4ec512bc04566b40a7
plurals/cardinal@1, und, 80B, c67b41ca68d97bb75a92d150c416fcd71f28b7bd6c32c5f2d0952e708bf7485e
plurals/ordinal@1, ar, 80B, c67b41ca68d97bb75a92d150c416fcd71f28b7bd6c32c5f2d0952e708bf7485e
plurals/ordinal@1, bn, 111B, 80ae264328cde80c0bd63d197b28b32f550d6a5d19fb9822bc9e4ff391d14648
plurals/ordinal@1, en, 158B, 6ec316f4ab0ce88933670d99248ee2ee34b31f11410480a1558e2cb1356eac1a
plurals/ordinal@1, es, 80B, c67b41ca68d97bb75a92d150c416fcd71f28b7bd6c32c5f2d0952e708bf7485e
plurals/ordinal@1, fil, 83B, c8c4847e5250c70790d3c572cbf1a2dd39daa6c08fdafe4ec512bc04566b40a7
plurals/ordinal@1, fr, 83B, c8c4847e5250c70790d3c572cbf1a2dd39daa6c08fdafe4ec512bc04566b40a7
plurals/ordinal@1, ja, 80B, c67b41ca68d97bb75a92d150c416fcd71f28b7bd6c32c5f2d0952e708bf7485e
plurals/ordinal@1, ru, 80B, c67b41ca68d97bb75a92d150c416fcd71f28b7bd6c32c5f2d0952e708bf7485e
plurals/ordinal@1, sr, 80B, c67b41ca68d97bb75a92d150c416fcd71f28b7bd6c32c5f2d0952e708bf7485e
plurals/ordinal@1, th, 80B, c67b41ca68d97bb75a92d150c416fcd71f28b7bd6c32c5f2d0952e708bf7485e
plurals/ordinal@1, tr, 80B, c67b41ca68d97bb75a92d150c416fcd71f28b7bd6c32c5f2d0952e708bf7485e
plurals/ordinal@1, und, 80B, c67b41ca68d97bb75a92d150c416fcd71f28b7bd6c32c5f2d0952e708bf7485e
props/AHex@1, und, 77B, 224d2b800852477e1f30310e74ff6e47b62b4fc7c54bf515eb53ca834d8db0df
props/Alpha@1, und, 15687B, cd9c84492aca1e8b6defd792abb421241f20cb22f7f46853fed6454baf2d2e86
props/Basic_Emoji@1, und, 5625B, bbeb9c4eac82f833656fb1d732f302ce2bad5b2549a7bc4e954a94457bc4ba8d
props/Bidi_C@1, und, 108B, a30c7e6a388cb27ddd22e6785fcaf9acb78ff8cdf023828187fb03104df73a12
props/Bidi_M@1, und, 2430B, c804e5100fddd1a9d70307bdf75b8523aacade097402dd75f0c83e66b89b5bcd
props/CI@1, und, 9254B, d96c5912ff10ad222481179f86154935ef42f68883b4f5d3226432609b6efd3e
props/CWCF@1, und, 12506B, 1bf0036804f0fe9ae72a576dc3e50c04927f6658afd017adf978d47464f1d799
props/CWKCF@1, und, 17244B, 2defc7432844a753fad599f166abe2c5958cab2efce452a8b5bdec44909fd0d9
props/CWL@1, und, 12250B, 467e9d8046c42a008abeb1a5f71d07e738c09e4175edfcc69dd494260c1cd9bb
props/CWT@1, und, 12570B, 1d80e649a6546d527b265d098e94dda9093b4604fe210acfb518292624d82be8
props/CWU@1, und, 12592B, acf0c0e5d5e219daab442668aec58dc75901a7392db68fe1de6394a401642b7c
props/Cased@1, und, 3356B, 46882cf4fb4c1531801060695378c0b67e3ec3d01b50a93443087ea5e0c45deb
props/DI@1, und, 386B, c0dfcf4dad933c0d995cd0a3c0fe22e5ac211efad4a1d834a09daefbbd52e210
props/Dash@1, und, 510B, 738041be40a4163768a87b953ee2fb453da92dda63fd7b4385384ad29787977e
props/Dep@1, und, 190B, d6d46a9f2f83d9d2270409e81ac27f60ff7b50ddfe7a593caaafdad834e29af6
props/Dia@1, und, 4124B, e440b6b60df936a061ac11398581dc04bc77abdb168c53ec5b2d9d9ca96ebaa5
props/EBase@1, und, 976B, 5f3e109903d609dd04a2c19a39b5030eac6c9399362c02fbb8b12e61de95676e
props/EComp@1, und, 234B, 2097438b96ab35cf5c7198fb0bfb4e10991fe4061a5433c9a49554b3660d7023
props/EMod@1, und, 52B, 19d1ac594c35ce9f6c1f37851a7f15dc7fef7913d1ddbcadf7c8e400704dfdda
props/EPres@1, und, 1862B, b652952dcf3c2090302117f87ff904e1a1351aad7f65cf923deb5b41497f98cd
props/Emoji@1, und, 3331B, 9194bc17885197156179a7af4d049c29e263e322fbbb459999338da919bcb429
props/Ext@1, und, 730B, a37f5ccb998bf27dbec8f2a4917d35f40af76ad2a865ba840a12ba025334b46e
props/ExtPict@1, und, 1749B, f45844dedf75dee89603f83754503dd1146a2b621de10fe769fb4e6c8430732f
props/GCB@1, und, 55829B, fc78a087ee79d47e8973a841f55d3ae76fcfe284b233d73b2e27d56d910314b3
props/Gr_Base@1, und, 18922B, 03092c9664341d3871149a051118dcda7c2a60e9272bfec079fedaa31c135f1c
props/Gr_Ext@1, und, 7720B, 71bb50c17a8c2e1a6149b322272b0a543e97cef953b4df752d47441280c90b0d
props/Hex@1, und, 143B, 4f2c7ef05542f33275995da92007f6f39b15a5da92548d32d785421a29702927
props/IDC@1, und, 16487B, 4e47385f832d0454959d9360cc0378e67eaa2c3e403b8d9878218ddc33077154
props/IDS@1, und, 14153B, 24fe4e22a73eddb281bc6048562d8d3581ab303722a4270c93bf2c202af829be
props/IDSB@1, und, 72B, 98e20da05788885772dac36368d5252b5b33c411fce0c9dde58b17dfef305a3d
props/IDST@1, und, 50B, 2ee826340e27303b00242aaf4f5a8adf1920cd22195de8de4d052e5584cf4d85
props/Ideo@1, und, 491B, 7b68a895c6fa4d29f847abfc2dbcba59be11b0c96d1212dabfe2461295b145b3
props/Join_C@1, und, 48B, eeb2ce226fb02f89e27ed0b1472dc58943952b76ba5b83ed3805476a9d4208f3
props/LOE@1, und, 174B, 5097b900578226ddcf20e79c2777b49f6277de03d7317bd6728220d062fdc04b
props/Lower@1, und, 13644B, 7cc8dc31236c420f0add545dc52a0ef706ddfae1f94888f231cac02abd1ee73c
props/Math@1, und, 3010B, 9cea19d7a1a8d2ab04ffb5b9659f459bd32df871218305dcfcb37770f21266fa
props/NChar@1, und, 434B, 27a8e639f5815ec21369afed405e2a08c8d7e1504a76603346cde4593ad5d41f
props/Pat_Syn@1, und, 565B, ab6d9a9fe839d6f2a8ace2aa2bee711d74af0dcc81fa7d7b38ec73e3e6850171
props/Pat_WS@1, und, 117B, b92f28e00c4bfc030f9bb2bf3f69140b97efc802f2e928e33beb27895e751dad
props/QMark@1, und, 290B, 156ec8c82768eff81374f3405a9e9e5b1e5f520ba84bb6a528a42a4af414e6d0
props/RI@1, und, 52B, 92ad7ee9895064003316fac790af64621e7043d4038b383f8a63d36f16758681
props/Radical@1, und, 94B, 7f6b9316a08588b37c895e593a3eaf85855ca4eeb1a533b3d7a80c925d56cb4f
props/SB@1, und, 104069B, 8f41b7d663c404678d9758d44add8b9497f1f4ed72e0fc7e635de4fdb9b60f83
props/SD@1, und, 762B, 4aa58259fef493396573dc14e9e836884498cb8478a35c692658d74f15a8430a
props/STerm@1, und, 1724B, e975cd737a9f121f0f59da1290a7073232ea7980db1cfab72f5537e52253a765
props/Term@1, und, 2304B, a059aa748a2bac06563d18da0721e10618e7e05f9d5b95eab5349c445f81090c
props/UIdeo@1, und, 394B, c92d4460991b08a5cbdd09c7517062c164bca2ba165f65234fd4b1baa494abe1
props/Upper@1, und, 13224B, b5a183ee9a1c270316e630ecd5e9ff601ba7f697e11c13c6f94267db3ad3506d
props/VS@1, und, 114B, 12476d6d86f2c1851c63919d4e667baece6fa2ec3c9eed1f36de4c4cc6cc86e5
props/WB@1, und, 78892B, 2c7def4dc1408193d8c83dc28fd7aba4fe994adb8463d6af16cbf5935e2cf21f
props/WSpace@1, und, 217B, 8d69dc0982a8e54f26aef8c4020ce32a181b22525cba300f96a58b7135dfb692
props/XIDC@1, und, 16641B, e54f718d506a898a7d933f1fbd6d483326b0b773c5b411235bc9092ef105d677
props/XIDS@1, und, 14307B, e37cafa92627775b2721550f1b78685c77a33aaa348b75bcc2a2396b5a20cd73
props/bc@1, und, 70233B, b429a165925db1104f61848eeddddb4600a274bf58fa712acfc76c1e7edd61db
props/casemap@1, und, 135426B, f8671678216dfc069d83dfa5eb8cea973377282f6a96686fe63d10f448b1e168
props/ccc@1, und, 37273B, 020fbe71aa7f22fb859b9fa6bf3759a17f9750fce28b1b071fd6970c8466541c
props/ea@1, und, 34405B, 94fa56ef68ca48253fc90c5c7c52b55f7b72e74adf8a9863a6847dee41f96a7c
props/gc@1, und, 265546B, 8b7402dc966c0c3f703fd96ed85fc6addaa36d0c8bcf86c8cbdfa5f85b500d89
props/lb@1, und, 113583B, e36081f257419c672587b4d967e4336c88a1c810339637cb64a2e21daac46820
props/sc@1, und, 132600B, 9eae2207b40d0391a6c2a57507af41076e69a27b38b5aae3b8b56acf0c2dd902
props/scx@1, und, 142212B, f5342d211a48d762782f2d615f7e2f385f8c479185fa22dff71de4f470da9d10
segmenter/dictionary@1, ja, 10320776B, fc7ffba1ddee34c45575724052cafabbeff32e70cbfce8cd15c93769f95d203a
segmenter/dictionary@1, th, 1078278B, 67267f8dbd10508f70215255bb18713ddc6a6b56b06d844976b9c9b9cf1e5de6
segmenter/grapheme@1, und, 66878B, 541ab763c6c73a480abfbf4bb6620ece2f4743a76944f85e855aef5d880519e7
segmenter/line@1, und, 154373B, 468e2d45d52ec42654ab1fc8fa77ab7efd94c521e04322e6966786f11d012435
segmenter/lstm@1, th, 324969B, 62ce456737995e20bc03d77e805678e99c1bab9b31233b80a8f83bfe4b9cad95
segmenter/sentence@1, und, 108617B, d34e77d9019c0ea097aa4da18eab4197b646f45156f9820f46d91571f584ae50
segmenter/word@1, und, 112594B, 2e7bde9d1105cec5e3e1c0b661e2292ae2819bf92899263b8119554439bf8b60
time_zone/exemplar_cities@1, ar, 12469B, cf88a0d7302cd1d829ab9be147b0cb4f5aca70721f9ef69d53aaf1ccab5fe6e8
time_zone/exemplar_cities@1, ar-EG, 12469B, cf88a0d7302cd1d829ab9be147b0cb4f5aca70721f9ef69d53aaf1ccab5fe6e8
time_zone/exemplar_cities@1, bn, 17218B, 355073cb61747872f1d0e3a866f3a6cc74ae551ec00fd5714350fb2de3d6cc20
time_zone/exemplar_cities@1, ccp, 20627B, 8853679fdf44a131983cee4f1dca64c3ac07fce6439e5ee9a03cbfc9df98526c
time_zone/exemplar_cities@1, en, 9811B, b255f0ebe489dbaad4e8e26378b0d271014f272f8c25dc1c2fcdfe8e31f14b2b
time_zone/exemplar_cities@1, en-001, 9804B, e78d7e2045fda5fad4a2b9ed231d6a6cab472bcdb27796bcaa3688df138f7ea4
time_zone/exemplar_cities@1, en-ZA, 9804B, e78d7e2045fda5fad4a2b9ed231d6a6cab472bcdb27796bcaa3688df138f7ea4
time_zone/exemplar_cities@1, es, 10016B, 66886f57ce4c5db514b2e9c734acb10ce1035c795d63d663d04d76992e91ff26
time_zone/exemplar_cities@1, es-AR, 10022B, bef348536329febabd7c2ce2b523e14ebe6f3712775e5ea44d33e322f58a7770
time_zone/exemplar_cities@1, fil, 9918B, 103f5bfb6affada8e5042d04c2cf9b6857cfe1fdcf0fd83e8803acfb96918868
time_zone/exemplar_cities@1, fr, 10071B, 02bd0c6028af6ab161bbfef17c59ac45c0fba121533bbc35927212a16efff252
time_zone/exemplar_cities@1, ja, 13139B, 64282c9d09423385ca0aae858335e09270a0a3e9fc89d30e20e498a5579bf017
time_zone/exemplar_cities@1, ru, 13122B, d76262666f1b335499ab8d23f8426d700550f9d54175710cca0089f537ec5017
time_zone/exemplar_cities@1, sr, 12942B, acf27e7141be5d0c677aea22e42fdbcfeed6aec1faa08128b0ea9511a81dfba2
time_zone/exemplar_cities@1, sr-Cyrl, 12942B, acf27e7141be5d0c677aea22e42fdbcfeed6aec1faa08128b0ea9511a81dfba2
time_zone/exemplar_cities@1, sr-Latn, 9835B, 4154b206fbe1b340c2aca304cffc13479294478d21472598fa2bf52053e53771
time_zone/exemplar_cities@1, th, 16924B, 8c01ce2b35a31cc7ca2731a10fb2f266d58f139791468a00a2d0da92e615196c
time_zone/exemplar_cities@1, tr, 9916B, 30c77e90c3765b96db2346473cb2b98bdcdf69452746646c0e73ef2a1b4bf927
time_zone/exemplar_cities@1, und, 9795B, 43c6d8c6e3e04e12188404b21369c39a67d7fcbb2016422e58c3610ee99558c7
time_zone/formats@1, ar, 359B, 5a03618038d0543177dc9a61d6f67e2c96e456b638a05dd415192e8eb40ddabf
time_zone/formats@1, ar-EG, 359B, 5a03618038d0543177dc9a61d6f67e2c96e456b638a05dd415192e8eb40ddabf
time_zone/formats@1, bn, 357B, 3acc9d3a0b2c8a8932655082fbc31685dcdedd63b27903ee1cc474d6ab7040ad
time_zone/formats@1, ccp, 432B, fe3a4fb003c8f7b72da15ae7fcece1842ca2390f4ec1d8b873150139982761d5
time_zone/formats@1, en, 315B, ee7289b7bd4e2390f9557d1c426e80a97eb2cfc35a0d19c9eab3c8aeb69b7a7b
time_zone/formats@1, en-001, 315B, ee7289b7bd4e2390f9557d1c426e80a97eb2cfc35a0d19c9eab3c8aeb69b7a7b
time_zone/formats@1, en-ZA, 315B, ee7289b7bd4e2390f9557d1c426e80a97eb2cfc35a0d19c9eab3c8aeb69b7a7b
time_zone/formats@1, es, 332B, f97ee380f8f7440314fefc5ac7e22a4a8159bac8d15d3407f615c232a15be7bc
time_zone/formats@1, es-AR, 326B, dcab46a75ccbf84465f166da533ed7d91a04dbb0a470bd7a435c7eaabd170611
time_zone/formats@1, fil, 327B, 4efc650e7b3787492b517aa4fead74fd6695ea8fad33e3944d933991cf05cf3b
time_zone/formats@1, fr, 327B, 7eb4d717aab0305f1f57bb6ba9a82e027fffb16e6e0347706e550ae8cabcca3a
time_zone/formats@1, ja, 309B, eb3a853859f689e425b4bcf61021e97312f0bbd38ff98b97372331ac5cc1dc91
time_zone/formats@1, ru, 342B, 1cbdbcbf94f916e74b5b8636496585ca1baf5d5472b0eb159c717ef0fab83546
time_zone/formats@1, sr, 338B, fdeb3842cf79228d973a03cf4b54aa6985111355a540b50c7ecd5ccbb5360881
time_zone/formats@1, sr-Cyrl, 338B, fdeb3842cf79228d973a03cf4b54aa6985111355a540b50c7ecd5ccbb5360881
time_zone/formats@1, sr-Latn, 314B, 83a7591d027cdc94e24567df47e8b54bec06199e048b2f25ced14b131796ea3f
time_zone/formats@1, th, 357B, d5fa1faab742c7af486acc1862a8284b6de4aa001ac47a92d24cafbc139a4769
time_zone/formats@1, tr, 313B, e88f4c237796f587c01d4c42efc53aa05a967c9ebb978a8849f260c73354827f
time_zone/formats@1, und, 292B, dc348c729ed4b3e2537205d9bc887c2c3cd3686b41ebf18973cc1f70f68ea83b
time_zone/generic_long@1, ar, 6958B, e4af8ac4ffe002802242e348d8dc3643f5ae3a9b564cd79992c1be88a4e1e13b
time_zone/generic_long@1, ar-EG, 6958B, e4af8ac4ffe002802242e348d8dc3643f5ae3a9b564cd79992c1be88a4e1e13b
time_zone/generic_long@1, bn, 9527B, aba626b4ed2fb70d33885e531e19f989100601fcdfb5d245c34844c5954ca107
time_zone/generic_long@1, ccp, 13116B, f0211ae5ba410cc9477b85a6827c55ff75785a7e6a651a1c1c4c06d1d5e40663
time_zone/generic_long@1, en, 5058B, 371304be975dd0c52e8e7db2530e5923ba49dd322390f9c8c15303cef76796aa
time_zone/generic_long@1, en-001, 5057B, 616644513d094be001a39619e341387ff1721c5dda1fa87963a2bc94783eab27
time_zone/generic_long@1, en-ZA, 5057B, 616644513d094be001a39619e341387ff1721c5dda1fa87963a2bc94783eab27
time_zone/generic_long@1, es, 5629B, 0f4d5193a048cc9acd6e1fa9c2ae528fb7a69bf389de0f691fc85c35dbae2759
time_zone/generic_long@1, es-AR, 5593B, 9d5007c3d6ce8248f53f7132507427aec7384379eb66f1944758b0871740a6c5
time_zone/generic_long@1, fil, 5249B, 8324ee44b9a66ee2595527dbb9613f680c40f231219e328cf4e726e3b1653893
time_zone/generic_long@1, fr, 5956B, fa7bd25661c83040ba5e2affa94b7e005eb1d6dd3646b015ed2e42bec284e3d5
time_zone/generic_long@1, ja, 6275B, e24edd51a78d762bc01af831ad1bb12d6e8d8442551d71c0c03844fdc42ab016
time_zone/generic_long@1, ru, 6227B, 805f4921de4770b3d7183db3cdd379744ac4539d1a1cb72a8e293c5893ea21b5
time_zone/generic_long@1, sr, 7738B, d5c621610adea286db1ffb790ed86a92ce33bcee49e7ba2fdc4c0b9fd539262f
time_zone/generic_long@1, sr-Cyrl, 7738B, d5c621610adea286db1ffb790ed86a92ce33bcee49e7ba2fdc4c0b9fd539262f
time_zone/generic_long@1, sr-Latn, 5334B, 8929c2e5fad4f59d5b2b6af60d4e8902e9010043f82f28b920bf48d6a66c2e78
time_zone/generic_long@1, th, 9540B, e4205b43f78b55be1fe2fa1a1a0636f7c07661eedb7dfb16a498f82fc4afed03
time_zone/generic_long@1, tr, 5291B, 028366384f0ae9f295a9960a24dae6ba9a6722ccb92a6dc127817f3eb7bae0a1
time_zone/generic_long@1, und, 40B, ed151af388d44d14017109ce03c32b9722509f5e3e4cb9c8699f17e620115b8a
time_zone/generic_short@1, ar, 81B, 7e8570f3cde6db8c3432977ec23be1c9b2f95c839a4de7b961020a1dbd4f5704
time_zone/generic_short@1, ar-EG, 81B, 7e8570f3cde6db8c3432977ec23be1c9b2f95c839a4de7b961020a1dbd4f5704
time_zone/generic_short@1, bn, 81B, 9f5965f681e32693679f1ba50095721935512017fcaaecd3eb3c571b3571fe4e
time_zone/generic_short@1, ccp, 81B, 9f5965f681e32693679f1ba50095721935512017fcaaecd3eb3c571b3571fe4e
time_zone/generic_short@1, en, 229B, daac5ae0acab1a26156899db978c778969363e8044a2ebca4c1d818d5d620d9d
time_zone/generic_short@1, en-001, 81B, e718176ff8eba6baf661b5fe1358958d294b65a7c1dabae2518351994e05b72f
time_zone/generic_short@1, en-ZA, 158B, d535a6b1a304d633e88dde309ba66623e62935e450bccb9b7eef63aa4988357b
time_zone/generic_short@1, es, 138B, 846b4871764032bb814e20ce77ef9104d4a87ef742de1e0119f9ea2ae31bc86f
time_zone/generic_short@1, es-AR, 101B, 881e69ba7caf756be7636d22820bed05f9db59734adb76fa783949c11ef5b4fc
time_zone/generic_short@1, fil, 60B, d41561aa95296f29ca2dd3a7d663eddc79e1aaf47e4bf898fc47209a195dcc6b
time_zone/generic_short@1, fr, 60B, d41561aa95296f29ca2dd3a7d663eddc79e1aaf47e4bf898fc47209a195dcc6b
time_zone/generic_short@1, ja, 81B, b8a8a6e7789ea961d71a54bad3004c72067e2ebac3ae0b0e67e165915d984307
time_zone/generic_short@1, ru, 60B, d41561aa95296f29ca2dd3a7d663eddc79e1aaf47e4bf898fc47209a195dcc6b
time_zone/generic_short@1, sr, 138B, 846b4871764032bb814e20ce77ef9104d4a87ef742de1e0119f9ea2ae31bc86f
time_zone/generic_short@1, sr-Cyrl, 138B, 846b4871764032bb814e20ce77ef9104d4a87ef742de1e0119f9ea2ae31bc86f
time_zone/generic_short@1, sr-Latn, 138B, 846b4871764032bb814e20ce77ef9104d4a87ef742de1e0119f9ea2ae31bc86f
time_zone/generic_short@1, th, 60B, d41561aa95296f29ca2dd3a7d663eddc79e1aaf47e4bf898fc47209a195dcc6b
time_zone/generic_short@1, tr, 60B, d41561aa95296f29ca2dd3a7d663eddc79e1aaf47e4bf898fc47209a195dcc6b
time_zone/generic_short@1, und, 60B, d41561aa95296f29ca2dd3a7d663eddc79e1aaf47e4bf898fc47209a195dcc6b
time_zone/metazone_period@1, und, 20379B, 899abf17cd87fc6f623836ebf18026b17ff2491c8dd334702685c8be3830fe4c
time_zone/specific_long@1, ar, 16042B, f615b09283d2f6f56cc3307f419e812b7624a2c1cad0437964bf79330e5b77e9
time_zone/specific_long@1, ar-EG, 16042B, f615b09283d2f6f56cc3307f419e812b7624a2c1cad0437964bf79330e5b77e9
time_zone/specific_long@1, bn, 21443B, cb8bcf8cd7d79159b1133f32f2c30c710fcdfbe65d4463b7b097884f13980271
time_zone/specific_long@1, ccp, 28330B, b64d6dd4856b1201b0a972b3c887ce0c4b9e6785f4aec08ac8b4645ee4c74e6c
time_zone/specific_long@1, en, 12496B, 42a801f6926290587fd6c35c4725982fbfdacd112b0354079d159b11fa9a56b6
time_zone/specific_long@1, en-001, 12494B, 9593ca3cbeb3d69ba8720018b8d091d06a1557c12a0ab7f4bfcb8b3e913ee9aa
time_zone/specific_long@1, en-ZA, 12494B, 9593ca3cbeb3d69ba8720018b8d091d06a1557c12a0ab7f4bfcb8b3e913ee9aa
time_zone/specific_long@1, es, 13597B, c6acde7d5ae5e9ff05cbefd7acb903e8aaa774a07261cee7dd3440045e4d2bfc
time_zone/specific_long@1, es-AR, 13547B, 0ed65f04489dcb2cd4408a95d2b8088a364d8cd5cc2dd4abc5ecbe0338952ac2
time_zone/specific_long@1, fil, 12994B, 6d007add07e85f889cbd93d41eac4c88ce7b39a2afd008cf7821cc9b18f707e6
time_zone/specific_long@1, fr, 13857B, 679f435057a91b116ce451acc306b4478ba220ec84ecf2cd44ddda5e19b81ace
time_zone/specific_long@1, ja, 13551B, 05d9da1817ac4409a9528c4c07f8abafa6fa11ba3b91a001f56907e848e6eb3b
time_zone/specific_long@1, ru, 17907B, 0826a176db94f2fdd8dc5e67c3ec9188b3cc6d686cc9d88424f66ec0a239ecb4
time_zone/specific_long@1, sr, 18488B, d7ebdd7a3d63040d573cc04b03dc3b8d21724f2fd8c109f3d42a2b63869d3e4e
time_zone/specific_long@1, sr-Cyrl, 18488B, d7ebdd7a3d63040d573cc04b03dc3b8d21724f2fd8c109f3d42a2b63869d3e4e
time_zone/specific_long@1, sr-Latn, 13382B, 1cad09dd7b45dfff24bb8b877822b31cc21a895abfb4ffd3add573ff41cae7d5
time_zone/specific_long@1, th, 21970B, 2cc048c315eb88db58d4e97e10e743a2f1d791f80683b011bad8d68d2a458cd5
time_zone/specific_long@1, tr, 12562B, bc2dc5ca25c852b52ba528835bbe0593c0abf012d6a942e8380da1753292a9b0
time_zone/specific_long@1, und, 40B, ed151af388d44d14017109ce03c32b9722509f5e3e4cb9c8699f17e620115b8a
time_zone/specific_short@1, ar, 121B, e5cf9d9a54c2f5d0fa7c328bf2cef89f036da50a43896746ccecf3ecf9ce5951
time_zone/specific_short@1, ar-EG, 121B, e5cf9d9a54c2f5d0fa7c328bf2cef89f036da50a43896746ccecf3ecf9ce5951
time_zone/specific_short@1, bn, 121B, c3a9db09fa83f29a0b49a80212767c14df12bae6ca7fda6f202a19e3c80c5380
time_zone/specific_short@1, ccp, 121B, c3a9db09fa83f29a0b49a80212767c14df12bae6ca7fda6f202a19e3c80c5380
time_zone/specific_short@1, en, 590B, 0bec21e8d04957d78f5c7684250cef9e890406f087c1c21f1f8ad83114a1f0da
time_zone/specific_short@1, en-001, 121B, 52d1b845b17e8c8084abe3f1b6150349896b17e7f3ab1a7241297ff586c39e6e
time_zone/specific_short@1, en-ZA, 298B, 5916362c0663d1a18dd521b4a1d3eac17a26e5db5ac46b9c0f78510c393d4589
time_zone/specific_short@1, es, 298B, 34382bad8cae45ad95432a9323750c32c61d5e19776ae8004eea390e7dbe7727
time_zone/specific_short@1, es-AR, 202B, f3c9e83c3b4a392525dd3ec14efa9a6031ac8431d53b317d3dede00fc9b35109
time_zone/specific_short@1, fil, 80B, cd81a23f8fb37871ce08094968e9c49f78a171619adf9c25127066833db0fcf7
time_zone/specific_short@1, fr, 80B, cd81a23f8fb37871ce08094968e9c49f78a171619adf9c25127066833db0fcf7
time_zone/specific_short@1, ja, 140B, 3b57ff0f62afca0410296dac12109d450d89d37a54368f81e2ab575d66726b08
time_zone/specific_short@1, ru, 80B, cd81a23f8fb37871ce08094968e9c49f78a171619adf9c25127066833db0fcf7
time_zone/specific_short@1, sr, 298B, 34382bad8cae45ad95432a9323750c32c61d5e19776ae8004eea390e7dbe7727
time_zone/specific_short@1, sr-Cyrl, 298B, 34382bad8cae45ad95432a9323750c32c61d5e19776ae8004eea390e7dbe7727
time_zone/specific_short@1, sr-Latn, 298B, 34382bad8cae45ad95432a9323750c32c61d5e19776ae8004eea390e7dbe7727
time_zone/specific_short@1, th, 80B, cd81a23f8fb37871ce08094968e9c49f78a171619adf9c25127066833db0fcf7
time_zone/specific_short@1, tr, 80B, cd81a23f8fb37871ce08094968e9c49f78a171619adf9c25127066833db0fcf7
time_zone/specific_short@1, und, 80B, cd81a23f8fb37871ce08094968e9c49f78a171619adf9c25127066833db0fcf7
